artifact_id,canonical_id,role,status,path_uri,storage_scope,format,size_bytes,sha256,row_count,column_count,schema_sha256,builder_entrypoint,observed_modified_at,visibility,git_policy,lineage_confidence,notes
design-2026-02-blueprint-pdf,design-2026-02,research-design,present,local://RR_blueprints20260210.pdf,repository-ignored,pdf,144854,2f9763ca57413c11045768f06da32b2dc864f2555800a346b18928dc9cb8e4ba,,,,,2026-02-11T14:01:33+08:00,local,never-track,single-source-inferred,"Design-only evidence; filename date is not treated as a data build date."
data-v1-master,data-v1,data-base,present,external://CA_mechanism/data/master/data_v1_with_climate.csv,external-local,csv,73393722,c72215e961bcf9f163aa872061f2b7040079199fae0614911196227138cb6ff1,69038,143,f0abe3cd71e886b712f8a20a7626722565f5eb3eb3200f6fbfdb23fef007fb1e,,2026-01-29T01:58:08+08:00,local,never-track,two-source-supported,"Observed file state only; formation date is unknown. Schema hash uses ordered column names. V1 yield uses the pre-GGCP10 area denominator."
data-v1-county-city,data-v1-county-city,data-sidecar,present,external://CA_mechanism/data/master/data_v1_with_climate_with_county_city.csv,external-local,csv,75510840,0523ac4f36c37b692a708242b74eff400c4b3b272b0ae1bb70770d6101ba9f78,69038,147,837df4aa58973fcc2db670d5fc9ccc1835b5e388d1e046c668310ef10a53c864,repo://scripts/python/add_county_city_from_coords.py,2026-03-22T20:55:14+08:00,local,never-track,three-source-confirmed,"County and city fields appended to V1; schema hash uses ordered column names."
data-v1-locked-panel,data-v1-locked-panel,analysis-panel,present,local://data/processed/analysis_main_sample.dta,repository-ignored,dta,46167462,917206fe863e9203b0515e404f43d585b3dd3b185a61bd05ef9be08ed5658497,69038,181,b4c3e14fcac86d99fe7911a2e002b659e97abd86ea4a5e67698c34078a1fcac9,repo://scripts/stata/step0_sample_and_macros.do,2026-03-22T23:10:16+08:00,local,never-track,three-source-confirmed,"Report-v5 Phase 0 panel; retains all rows and stores main_sample as a flag."
data-v2-main-initial-missing,data-v2-main-pre-spei-fix,data-build-snapshot,missing,local://data_build/data/processed/data_v2_main.dta,repository-ignored,dta,,,69038,523,,repo://data_build/scripts/python/run_all.py,,local,never-track,missing-snapshot,"2026-03-29 pre-SPEI-correction snapshot documented in the changelog; same-named file was overwritten and is now absent."
data-v2-main-corrected-missing,data-v2-main-post-spei-fix,data-build-snapshot,missing,local://data_build/data/processed/data_v2_main.dta,repository-ignored,dta,,,69038,621,,repo://data_build/scripts/python/run_all.py,,local,never-track,missing-snapshot,"2026-04-04 corrected SPEI/V3pre30 snapshot documented by code and downstream scripts; no physical snapshot remains."
data-v2-analysis-ready,data-v2-analysis-ready,analysis-panel,present,local://data/processed/v2_analysis_ready.dta,repository-ignored,dta,232937575,6f4a9582b2e4015c169eeb6cd2289f10742be92442219bfc5b093d9eb9f1ee16,69038,649,9633aba2621ce6edf341ad643efe5fceb3df0e25a828513f5829f2c7f7aebcbd,repo://scripts/stata/v2_step0_preamble.do,2026-04-02T16:35:43+08:00,local,never-track,three-source-confirmed,"Built before the corrected V2 snapshot; current file verifies the historical analysis-v2 panel only."
data-v3-analysis-ready,analysis-v3,analysis-panel,present,local://data/processed/v3_analysis_ready.dta,repository-ignored,dta,275198513,2cd3bf2865c90a87fbd1670edc08ab635e21a617c27107a588b4f4e01584327a,69038,772,dd81b019ab1c0b9b8c7bf5e053fd10995f05aa8d1aa23c5c950d3bf28be4f3d4,repo://scripts/stata/v3_step0_preamble.do,2026-04-04T19:56:28+08:00,local,never-track,three-source-confirmed,"Post-SPEI-correction analysis panel; distinct from report-v3 and data-v3-expanded."
analysis-v3prhd-ready-dta,analysis-v3prhd,analysis-panel,present,local://data/processed/v3prhd_analysis_ready.dta,repository-ignored,dta,276314723,57f4b7e7e218c55467161822a2feec65cf4299b85f44a82911cf2ed3c68cd616,69038,898,35d0888ab342bff4e18fa4c31d90a9fefe7ac8e6db4b3777066e36ecf2aadd2e,repo://scripts/stata/v3prhd_step0_preamble.do,2026-04-07T21:16:47+08:00,local,never-track,three-source-confirmed,"V3 precipitation hot-dry module panel."
analysis-v3prhdsm-ready-dta,analysis-v3prhdsm,analysis-panel,present,local://data/processed/v3prhdsm_analysis_ready.dta,repository-ignored,dta,276314723,4d1d9245eba825bb4bc4600fdac4ef66392b12991916c17897f2d8565616e23c,69038,898,35d0888ab342bff4e18fa4c31d90a9fefe7ac8e6db4b3777066e36ecf2aadd2e,repo://scripts/stata/v3prhdsm_step0_preamble.do,2026-04-07T22:46:01+08:00,local,never-track,three-source-confirmed,"V3 multisource soil-moisture module panel; same columns as v3prhd but different content hash."
analysis-v3decomp-ready-dta,analysis-v3decomp,analysis-panel,present,local://data/processed/v3decomp_analysis_ready.dta,repository-ignored,dta,276374079,1e812660b5d28b6b46cc4d5ad741130186c29359455b952fb283f44268f966f2,69038,775,c5d2d4882009c32e744dbb57bee4af0851922269aede1811c7a03da08d005aae,repo://scripts/stata/v3decomp_step0_profiles.do,2026-04-09T14:21:17+08:00,local,never-track,three-source-confirmed,"V3 algebraic decomposition profiles panel."
analysis-v3sub-ready-dta,analysis-v3sub,analysis-panel,present,local://data/processed/v3sub_analysis_ready.dta,repository-ignored,dta,276097287,d89e20e1722b6a714edf7f87b8e1a51f122e58544a0380e2cdfd0dc936853d1a,69038,774,09d35d4e4799914ae2935be324d96083ca9d4b81fcb3da69be50668ea74c1fa6,repo://scripts/stata/v3sub_step0_subsamples.do,2026-04-09T15:52:51+08:00,local,never-track,three-source-confirmed,"V3 subsample-boundary panel."
analysis-v3med-ready-dta,analysis-v3med-model8,analysis-panel,present,local://data/processed/v3med_analysis_ready.dta,repository-ignored,dta,276444397,3f274fdf4e31c29d678cc495740ed3994abdb2a302efef106e509f1e6b11462e,69038,777,c1826f9d375745b099c47866d7bec14ccaa760f6e35b282860e323c5876d8e28,repo://scripts/stata/v3med_step0_preamble.do,2026-04-16T02:38:46+08:00,local,never-track,three-source-confirmed,"V3 Model-8 mediation experiment panel; not causal mediation evidence."
analysis-v3proxy-ready-dta,analysis-v3proxy,analysis-panel,present,local://data/processed/v3proxy_analysis_ready.dta,repository-ignored,dta,286348913,627b4e061af029d78e185ba250e259973bcb51612e0d7e711eeca79513b67ee9,69038,935,82a60802ace30314013b3b474e1c8d2530020991ec38abb0db2679ec620d33fe,repo://scripts/stata/v3proxy_step0_preamble.do,2026-04-16T14:15:14+08:00,local,never-track,three-source-confirmed,"V3 multisource SM proxy common-support panel."
analysis-v3bpath-ready-dta,analysis-v3bpath,analysis-panel,present,local://data/processed/v3bpath_analysis_ready.dta,repository-ignored,dta,302999231,19814401ffae89fec8221539dbee3d57b56c90010d162445b6fe14947bac8e05,69038,954,8dddb6fe0c774ca8d837337c1ad6a36c46d00c1825509921995fcb6625ce73a7,repo://scripts/stata/v3bpath_step0_preamble.do,2026-04-20T22:06:26+08:00,local,never-track,three-source-confirmed,"V3 b-path audit panel; main_sample count differs from the V3 base and is recorded in sample_rules.csv."
mechanism-v5drymed-ready-dta,mechanism-v5drymed,analysis-panel,present,local://data/processed/v5drymed_analysis_ready.dta,repository-ignored,dta,335493729,b299ea2add88bc0a0b587843c05c9145442205960746a39dc1aa7ea1c97adc02,69038,919,c5752db66a179baec7b072b99bc0adf547c9d86f39f466be911d4a6d5e2c642b,repo://scripts/stata/v5drymed_step0_preamble.do,2026-04-22T15:35:40+08:00,local,never-track,three-source-confirmed,"Drought-only mediator experiment panel."
mechanism-sm-state-wide-april-missing,mechanism-v4smstate,data-sidecar,missing,local://temp/2026-04-21_sm_state_audit/sm_state_panel_wide.dta,repository-ignored,dta,,,,,,repo://scripts/python/v4smstate_build_statevars.py,,local,never-track,missing-snapshot,"The exact April snapshot consumed by v4/v5 is unavailable; the present same-named file was modified on 2026-05-18 and cannot substitute for it."
mechanism-sm-state-wide-current,mechanism-v4smstate,data-sidecar,present,local://temp/2026-04-21_sm_state_audit/sm_state_panel_wide.dta,repository-ignored,dta,124656643,659c14bdc150c9d5f80b4d89ed89625dba3cc206e32b9bcfbb0323eca7a9b72b,122533,254,9f119394c4a1cd50f1a194dd969918687b0dcfa50ae5b0437cd4a124a56878fc,repo://scripts/python/v4smstate_build_statevars.py,2026-05-18T18:42:49+08:00,local,never-track,two-source-supported,"Current physical file only; explicitly excluded as proof of the April v4/v5 snapshot."
mechanism-sm-state-analysis-ready-missing,mechanism-v4smstate,analysis-panel,missing,local://temp/2026-04-21_sm_state_audit/sm_state_analysis_ready.dta,repository-ignored,dta,,,,,,repo://scripts/stata/v4smstate_step0_preamble.do,,local,never-track,missing-snapshot,"Historical analysis-ready output referenced by scripts and plans but absent from the current filesystem."
mechanism-v6-nowet-nop30-ready-missing,mechanism-v6gleambl,analysis-panel,missing,local://temp/2026-04-23_newSMsplit/v6gleambl_nowet_nop30_analysis_ready.dta,repository-ignored,dta,,,,,,repo://scripts/stata/v6gleambl_nowet_nop30_step0_preamble.do,,local,never-track,missing-snapshot,"Historical variant referenced by code but absent from the current filesystem."
mechanism-v6gleambl-ready-dta,mechanism-v6gleambl,analysis-panel,present,local://temp/2026-04-23_newSMsplit/v6gleambl_analysis_ready.dta,repository-ignored,dta,429615727,5f0c99cbf1a9c8b193fdb987b3935e91fb0397ccaeebf95f2c83a09566db6431,69038,1171,37f5fc73046fc99b7aa9979f4a78f25dea2432df386aa3fca1d8352a84b5eed9,repo://scripts/stata/v6gleambl_step0_preamble.do,2026-04-23T06:47:07+08:00,local,never-track,three-source-confirmed,"Main V6 GLEAM baseline-local analysis panel; variant-specific sample flags are defined in the run family."
data-v3-expanded-phenowindows,data-v3-phenowindows,data-base,present,local://data_build/data/processed/data_v3_phenowindows.parquet,repository-ignored,parquet,599401912,8462ca3c10e8e15a7999de0b96937aef25c8ede031ec1e8cf268724b0fa36a15,122533,1679,cc1f4f5ec04628b12bb6d208634848008c5feff59f10235ef7e852aa15a36cd3,repo://data_build/scripts/python/run_all.py,2026-04-23T00:44:28+08:00,local,never-track,three-source-confirmed,"Full V3 expanded physical view; s10_export.py emits the three views. Schema hash uses ordered column names."
data-v3-expanded-phenowindows-csv,data-v3-phenowindows,data-format-variant,present,local://data_build/data/processed/data_v3_phenowindows.csv,repository-ignored,csv,1389892177,16e27b18a05f97bb8f1bd6aec2fa6f60c9f7327c33459353c903164835fdb9a2,122533,1679,cc1f4f5ec04628b12bb6d208634848008c5feff59f10235ef7e852aa15a36cd3,repo://data_build/scripts/python/s10_export.py,2026-04-23T00:44:14+08:00,local,never-track,three-source-confirmed,"CSV sibling of the full phenowindows view; data remain local and are never tracked."
data-v3-expanded-phenowindows-dta,data-v3-phenowindows,data-format-variant,present,local://data_build/data/processed/data_v3_phenowindows.dta,repository-ignored,dta,1646203173,1f5807850789730248fffd30f990bfa0f941f5ea048f5aa74cc33708ab17fea5,122533,1679,e60e82b3c6e1ff340866e2e6c1c9c953bda070d4e8052afba998944ff1270a40,repo://data_build/scripts/python/s10_export.py,2026-04-23T00:44:38+08:00,local,never-track,three-source-confirmed,"Stata-format sibling of the phenowindows view; Stata-compatible column names produce a format-specific schema hash."
data-v3-expanded-main,data-v3-main,data-base,present,local://data_build/data/processed/data_v3_main.parquet,repository-ignored,parquet,350946854,1aed2f71427d379bf1a71fdce58904d806061842d644dc45d65638e763bab948,69038,1679,cc1f4f5ec04628b12bb6d208634848008c5feff59f10235ef7e852aa15a36cd3,repo://data_build/scripts/python/s10_export.py,2026-04-23T00:46:17+08:00,local,never-track,three-source-confirmed,"Yield-present V3 expanded view. Precipitation hot-dry fields are distinct from SM-threshold hot-dry fields."
data-v3-expanded-main-csv,data-v3-main,data-format-variant,present,local://data_build/data/processed/data_v3_main.csv,repository-ignored,csv,800718842,6d6ba916c9a444ef533b7b9884008aa6e8548e54822bb20fb41772137df962c4,69038,1679,cc1f4f5ec04628b12bb6d208634848008c5feff59f10235ef7e852aa15a36cd3,repo://data_build/scripts/python/s10_export.py,2026-04-23T00:46:08+08:00,local,never-track,three-source-confirmed,"CSV sibling of the yield-present V3 view; data remain local and are never tracked."
data-v3-expanded-main-dta,data-v3-main,data-format-variant,present,local://data_build/data/processed/data_v3_main.dta,repository-ignored,dta,927979303,3f3f045a8040b876565873febab3918d166b8bd6f6938669b48c634a46172517,69038,1679,e60e82b3c6e1ff340866e2e6c1c9c953bda070d4e8052afba998944ff1270a40,repo://data_build/scripts/python/s10_export.py,2026-04-23T00:46:21+08:00,local,never-track,three-source-confirmed,"Exact Stata-format input consumed by v3prhd/v3prhdsm and by the G185 hot-dry merge."
data-v3-expanded-noyield,data-v3-no-yield,data-base,present,local://data_build/data/processed/data_v3_noyield.parquet,repository-ignored,parquet,259851001,13607be28e75a6846c412958851814dcbda4da200ee40d89c5ac3a340483f1ef,53495,1679,cc1f4f5ec04628b12bb6d208634848008c5feff59f10235ef7e852aa15a36cd3,repo://data_build/scripts/python/s10_export.py,2026-04-23T00:46:27+08:00,local,never-track,three-source-confirmed,"Yield-missing V3 expanded view; schema matches the other V3 expanded views."
ggcp10-raw-harvarea-raster-series,area-ggcp10-harvarea,raw-input,present,local://data_build/data/raw/GGCP10_HarvArea_2010-2020/GGCP10_HarvArea_2010-2020/HarvArea_Maize_{year}.tif,repository-ignored,geotiff-series,149352576,c62d8bdb3cda4d0327584e13cf775e26a85e1c953cf992db44305bccb1f905f9,,,,,2024-03-26T19:02:16+08:00,local,never-track,three-source-confirmed,"2016-2019 four-file series; SHA-256 is the canonical year-to-file-hash manifest hash and excludes AppleDouble files."
ggcp10-point-base,area-ggcp10-point-sample,analysis-panel,present,local://temp/2026-05-18_ggcp10_harvarea_v6gleambl/v3_analysis_ready_ggcp10_harvarea.dta,repository-ignored,dta,284522727,e9bc8f78366f0f322f8942adf641d27ef6949a804bd1cd1dbd70da3521f4c26c,69038,781,5212b0cef8e4a97b4c5e89830eafab16cb136cfdb2b176c5dcd28387817abbc7,repo://scripts/python/ggcp10_build_harvarea_branch.py,2026-05-18T11:33:08+08:00,local,never-track,three-source-confirmed,"Point-sampled GGCP10 branch; overwrites V1 yield using point-sampled GGCP10 area."
ggcp10-point-v6-base,area-ggcp10-point-sample,analysis-panel,present,local://temp/2026-05-18_ggcp10_harvarea_v6gleambl/v6gleambl_harvarea_analysis_ready.dta,repository-ignored,dta,433625691,41bf280ccd1eb3d7a0a9135f87440507a24ca1e4d6a37be59f19aed28dae7f23,69038,1180,22c77f494a9d788a4b9c4fed268e802510e7bc27cf65cd4313bd5b1c939e1b26,repo://scripts/stata/v6gleambl_harvarea_run_all.do,2026-05-18T16:14:15+08:00,local,never-track,three-source-confirmed,"Point-sampled GGCP10 V6 GLEAM baseline-local panel."
ggcp10-aggregated-sidecar,area-ggcp10-aggregated,data-sidecar,present,local://temp/2026-05-18_ggcp10_harvarea_agg_baseline_suite/ggcp10_harvarea_agg_sidecar.dta,repository-ignored,dta,3873083,09839e53ce0c2aad6455abc9abf788059a3fb8083cc8905cb554f368de335e2c,69038,10,21758f77d77a96d5885618bfb90b0c492f2a520a30a8a7d0d196834adf1151cc,repo://scripts/python/ggcp10_build_harvarea_agg_branch.py,2026-05-18T18:11:10+08:00,local,never-track,three-source-confirmed,"Area-preserving 1/12-degree to 0.1-degree aggregation sidecar."
ggcp10-aggregated-base,area-ggcp10-aggregated,analysis-panel,present,local://temp/2026-05-18_ggcp10_harvarea_agg_baseline_suite/v3_analysis_ready_ggcp10_harvarea_agg.dta,repository-ignored,dta,285628615,be86cba153311b354d5b5c2a2cadf7618ebb64532f24a645a9eee0b8b8a548b4,69038,783,bc6312c27f225b194b74477865cb8a8ce200f67d972ee019503afc180c372bf5,repo://scripts/python/ggcp10_build_harvarea_agg_branch.py,2026-05-18T18:11:12+08:00,local,never-track,three-source-confirmed,"Canonical aggregated GGCP10 base. yield_tons_ha is redefined as maize_prod/ggcp10_maize_area_km2*10 and is not interchangeable with V1 yield."
ggcp10-baseline-suite,analysis-ggcp10-baseline-suite,analysis-panel,present,local://temp/2026-05-18_ggcp10_harvarea_agg_baseline_suite/ggcp10_baseline_suite_analysis_ready.dta,repository-ignored,dta,434731579,03a36e25ed5375d055c7dc58e0b3b7b237ab4b16b9ce89e61f1b1b7fc3dcbaaa,69038,1182,df68e343231099c9549280d0d8143e4270242f81dd83429579fc2270dd0d5efc,repo://scripts/stata/ggcp10_baseline_suite_run_all.do,2026-05-18T18:12:15+08:00,local,never-track,three-source-confirmed,"Current GGCP10/G185 base panel before the virtual G185 filter."
g185-virtual-sample,scale-g185,derived-sample,virtual,local://virtual/g185-sample,derived-virtual,virtual,,,46299,,,repo://scripts/python/expanded_scale_story_search.py,2026-07-14T00:00:00+08:00,local,track-metadata-only,three-source-confirmed,"Virtual join/filter product; 13,236 grids. Rule code SHA-256 is stored in sample_rules.csv. Rule and named-region counts were recomputed on 2026-07-14; no row-level sample is exported."
g057-virtual-sample,scale-g057,derived-sample,virtual,local://virtual/g057-sample,derived-virtual,virtual,,,50771,,,repo://scripts/python/expanded_scale_story_search.py,2026-07-14T00:00:00+08:00,local,track-metadata-only,three-source-confirmed,"Virtual row-filter product; 15,729 grids. Counts are raw rule-mask support, before model-specific complete-case filtering; no row-level sample is exported."
g049-virtual-sample,scale-g049,derived-sample,virtual,local://virtual/g049-sample,derived-virtual,virtual,,,50844,,,repo://scripts/python/expanded_scale_story_search.py,2026-07-14T00:00:00+08:00,local,track-metadata-only,three-source-confirmed,"Virtual row-filter product; 15,737 grids. It differs from G057 only by disabling the sm_sd rule; no row-level sample is exported."
g195-b067-virtual-sample,scale-b067-g195,derived-sample,virtual,local://virtual/g195-b067-sample,derived-virtual,virtual,,,42187,,,repo://scripts/python/expanded_scale_story_search.py,2026-07-14T00:00:00+08:00,local,track-metadata-only,three-source-confirmed,"Virtual row-filter product; 11,775 grids. Current code and live-panel recomputation show exact mask equality between legacy B067 and re-enumerated G195; the original B067 formation date remains unknown."
g185-draft-bootstrap-run-manifest,g185-draft-bootstrap-v1,result-manifest,present,local://quality_reports/agent_runs/2026-06-20_g185_draft_bootstrap_v1/run_manifest.csv,repository-ignored,csv,215,d608317f18971f77c9b526e98400f796b9dfc3d89bbe6c28547b2de86b45068e,6,2,402f4f3f4bc5b42eab2e60c632c8eeb791d5c9212491c479e9be04ec8f019562,repo://scripts/python/build_g185_draft_bootstrap_v1.py,2026-06-20T02:25:05+08:00,local,track-metadata-only,three-source-confirmed,"Local run manifest; the draft output is superseded as an interpretation source."
g185-method-upgrade-run-manifest,g185-method-upgrade,result-manifest,present,local://quality_reports/agent_runs/2026-06-20_g185_method_upgrade_report/run_manifest.csv,repository-ignored,csv,842,823b785ea9f5da96b97f2e8a8613faf31fd37f866c2c4ac10079937edaa47956,15,2,402f4f3f4bc5b42eab2e60c632c8eeb791d5c9212491c479e9be04ec8f019562,repo://scripts/python/build_g185_method_upgrade_report.py,2026-06-20T13:48:46+08:00,local,track-metadata-only,three-source-confirmed,"Local method-upgrade run manifest."
g185-response-surface-run-manifest,g185-response-surface-v3,result-manifest,present,local://quality_reports/agent_runs/2026-06-20_g185_response_surface_v3/01_run_manifest.json,repository-ignored,json,263,ac15afdef10c33a7f294aa4f901112fb32cd62488604c284836376ed72f13578,1,9,5bdeff03c295fbf6b7673435a121efead313633f914f94242309445ce1b7c028,repo://scripts/python/run_all_g185_v3.py,2026-06-21T03:16:00+08:00,local,track-metadata-only,three-source-confirmed,"Local response-surface manifest; this estimand is distinct from old-method IE/DE/TE."
g185-old-method-corrected-manifest,g185-old-method-corrected,result-manifest,present,local://quality_reports/agent_runs/2026-06-24_g185_old_method_region_tiede_redraw/manifest.json,repository-ignored,json,2614,b6837b864084f2dbe753cffc1d171b0887b90df4c968eb4af8605c050dbeccfa,1,16,655a107a9e45fe563d05c439f2b1552040776fa5bbd9dedc6bcdb415e56d2195,repo://scripts/python/export_g185_old_method_region_tiede_redraw.py,2026-06-24T17:22:56+08:00,local,track-metadata-only,three-source-confirmed,"Local corrected old-method manifest; IE/DE/TE are algebraic components."
g185-region-irrigation-manifest,g185-region-irrigation-boundary,result-manifest,present,local://quality_reports/agent_runs/2026-06-24_g185_region_specific_irrigation_boundary/manifest.json,repository-ignored,json,1584,73965b79bd0674ffa79cdfc1f0bc2b350a70d6ff36e7a5b220e373db09f00415,1,13,adb9522d75ad870a8c2e10bf356b37100d6b6b408fa0c48a7ab183385eeb4d54,repo://scripts/python/export_g185_region_specific_irrigation_boundary.py,2026-06-24T17:04:44+08:00,local,track-metadata-only,three-source-confirmed,"Local manifest for the separate continuous-irrigation interaction."
g185-method-upgrade-public-report,g185-method-upgrade,public-result,present,repo://docs/results/g185-method-upgrade/report.md,repository-tracked,markdown,3409,280030de6bf4e600818cc659e2cd4d5d7cc9076d141740556b7ced1b0623f359,,,,,2026-07-13T23:48:53+08:00,public,track,three-source-confirmed,"GitHub-facing summary; fixed-effect results are primary and ML is appendix-level concordance evidence."
g185-response-surface-public-report,g185-response-surface-v3,public-result,present,repo://docs/results/g185-response-surface-v3/report.md,repository-tracked,markdown,3681,e6b2ea6d810b92184ab23d2386d89e394bc5262d1c141c6a119c1981357208a1,,,,,2026-07-13T23:48:53+08:00,public,track,three-source-confirmed,"GitHub-facing sensitivity summary; does not validate or replace old-method estimands."
g185-old-method-corrected-public-report,g185-old-method-corrected,public-result,present,repo://docs/results/g185-old-method-corrected/report.md,repository-tracked,markdown,1873,1e7b2f9fac62ca071a141305f9960092b2978d4c0a15ab4bbdb6779f275d51fe,,,,,2026-07-13T23:48:53+08:00,public,track,three-source-confirmed,"GitHub-facing corrected old-method result summary."
g185-region-irrigation-public-report,g185-region-irrigation-boundary,public-result,present,repo://docs/results/g185-region-irrigation-boundary/report.md,repository-tracked,markdown,2760,c1cb3c905ad8bf7f3c2d6f427333f52b74c286b1f1b014a0664d4b0f62d88847,,,,,2026-07-13T23:48:53+08:00,public,track,three-source-confirmed,"GitHub-facing summary for the separate regional irrigation boundary."
data-v3-expanded-run-manifest,data-v3-expanded,result-manifest,present,repo://docs/results/data-v3-expanded/run-manifest.md,repository-tracked,markdown,1686,d42c7622eafa10eb2c49348ab05639e40186356bbd968fa5f51246cad0a9c932,,,,,2026-07-14T01:18:55+08:00,public,track,three-source-confirmed,"Metadata-only manifest for the three V3 expanded physical views; no row-level data."
data-v3-expanded-public-report,data-v3-expanded,public-result,present,repo://docs/results/data-v3-expanded/report.md,repository-tracked,markdown,1228,c8e7d420c52b5cf54fef2f759f24544cbd8cc015d6f35e55355e91d1e0cd535f,,,,,2026-07-14T01:18:55+08:00,public,track,three-source-confirmed,"GitHub-facing data, method and presentation summary for V3 expanded."
area-ggcp10-aggregated-run-manifest,area-ggcp10-aggregated,result-manifest,present,repo://docs/results/area-ggcp10-aggregated/run-manifest.md,repository-tracked,markdown,1217,997d3da3dab6b152e2491c1274fca6c3eb0091bc7dee8e949368d8f3d8b44779,,,,,2026-07-14T01:18:55+08:00,public,track,three-source-confirmed,"Metadata-only manifest for the aggregated sidecar and analysis panel."
area-ggcp10-aggregated-public-report,area-ggcp10-aggregated,public-result,present,repo://docs/results/area-ggcp10-aggregated/report.md,repository-tracked,markdown,979,4cea3b539f514857fab8774088c0a7fe6099c3d5e0bc88d36a65f54494ac962f,,,,,2026-07-14T01:18:55+08:00,public,track,three-source-confirmed,"GitHub-facing data, method and presentation summary for the aggregated area base."
scale-g185-run-manifest,scale-g185,result-manifest,present,repo://docs/results/scale-g185/run-manifest.md,repository-tracked,markdown,905,3be7ee479cd5762dbfa26470a2c994754e8e8e07df89f9be9ee4cd21179fc7dd,,,,,2026-07-14T01:18:55+08:00,public,track,three-source-confirmed,"Metadata-only frozen-rule manifest for G185."
"regional-threshold-maize-raster","regional-threshold-sr-v1","raw-input","present","external://zenodo/records/17142122/maize.tif","external-local","geotiff","328745","f05e634664c4c6c2e2df352702acd421507162bc54cc067649071521ab1285b0","","","","","2026-07-14T00:00:00+08:00","local","never-track","three-source-confirmed","Official 0.5-degree continuous maize threshold; MD5 0d9e6c21bf1b25f113e14315863372f2 also matches the public record."
"regional-threshold-grid-v1","regional-threshold-sr-v1","threshold-map","present","local://temp/2026-07-14_regional_threshold_stage1_audit_v5/threshold_grid.csv","repository-ignored","csv","7175902","68c6af0f50d239cae807e898e1b1fe1e815caad7670ad4a68ec6fb809949a7f2","22180","19","a0b2d25feea3983011fa0f4ffc5072191aa59328fc79b7a71e2689c8e0b1940d","repo://scripts/python/audit_regional_threshold_coverage.py","2026-07-15T00:01:41+08:00","local","never-track","three-source-confirmed","One record per V3 grid; metadata and hash are tracked, while the row-level local output remains outside Git."
"regional-threshold-run-manifest-v5","regional-threshold-sr-v1","result-manifest","present","local://temp/2026-07-14_regional_threshold_stage1_audit_v5/run_manifest.json","repository-ignored","json","4072","678970c93fcf5aa1a90316b5b6e7d01c0fc8d7b6de315d403169aaee02ad1e10","","","","repo://scripts/python/audit_regional_threshold_coverage.py","2026-07-15T00:01:46+08:00","local","track-metadata-only","three-source-confirmed","Standard manifest records status STOP, not_for_inference=true and no yield model."
"regional-threshold-audit-manifest-v5","regional-threshold-sr-v1","audit-manifest","present","local://temp/2026-07-14_regional_threshold_stage1_audit_v5/audit_manifest.json","repository-ignored","json","2606","77bf92de03c90f21b02c30f5c8135cfa4b163c57c5d4fa272671fc2bbcc3a8ad","","","","repo://scripts/python/audit_regional_threshold_coverage.py","2026-07-15T00:01:46+08:00","local","track-metadata-only","three-source-confirmed","Extended audit manifest records STOP_DATA_SUPPORT_GATE and model_was_run=false."
"regional-threshold-public-stop-report","regional-threshold-sr-v1","public-result","present","repo://docs/results/regional-threshold-sr-v1/report.md","repository-tracked","markdown","6952","c280618cd4798f40da14db3052ae3c092d5a6ae5f7ff32b2e9968ffbfd6f190e","","","","","2026-07-15T02:20:00+08:00","public","track","git-native","Public reviewed failure report; it does not contain a yield coefficient or submission claim."
"regional-threshold-review-round3","regional-threshold-sr-v1","review-record","present","repo://quality_reports/plans/2026-07-14_threshold_review_round3_pass.md","repository-tracked","markdown","1022","28a7957751765d00c2bfdfc35965038d4e3a0d36d568e7ea7e91ce1b5af79b4f","","","","","2026-07-15T00:04:45+08:00","public","track","git-native","Independent PASS_PUBLIC_STOP_REPORT record, 97/100; the pass applies to failure reporting, not to the empirical direction."
"g185-old-method-unified-run-manifest-v2","g185-old-method-unified-v1","result-manifest","present","local://temp/2026-07-15_g185_old_method_unified_full_stop_v2/run_manifest.json","repository-ignored","json","7316","1012f385dcfe4939a4fbe90472f577afd373334b23041532361db16252783393","","","","repo://scripts/python/run_g185_old_method_full.py","2026-07-15T00:18:07+08:00","local","track-metadata-only","three-source-confirmed","Standard manifest records status STOP, not_for_inference=true and claims=[]."
"g185-old-method-unified-full-manifest-v2","g185-old-method-unified-v1","audit-manifest","present","local://temp/2026-07-15_g185_old_method_unified_full_stop_v2/full_manifest.json","repository-ignored","json","8527","3a23e22b421f052a4afc5f83c6aa806dd5a8f081bdb83aded357b2af6ca8aaec","","","","repo://scripts/python/run_g185_old_method_full.py","2026-07-15T00:18:07+08:00","local","track-metadata-only","three-source-confirmed","Extended manifest records FULL_STOP and hashes the complete local failure package."
"g185-old-method-unified-public-stop-report","g185-old-method-unified-v1","public-result","present","repo://docs/results/g185-old-method-unified-v1/report.md","repository-tracked","markdown","9318","86021092bab4bbe96e4090549abaf58a9b15bb847f0c4091b3504a8da979170f","","","","","2026-07-15T01:43:10+08:00","public","track","git-native","Public reviewed failure report retaining all 15 regional endpoint results and the frozen stability failure."
"g185-old-method-unified-package-review-round2","g185-old-method-unified-v1","review-record","present","repo://quality_reports/plans/2026-07-15_g185_full_stop_v2_package_review_round2.md","repository-tracked","markdown","8567","52eacee3be2995c3e91fcd35af885ef6eb0a16e911e8bd58d756b66b2f9a7ac1","","","","","2026-07-15T00:35:02+08:00","public","track","git-native","PASS_FAILURE_PACKAGE at 83/100; package completeness does not lift the frozen FULL_STOP."
"g185-old-method-unified-public-review-round2","g185-old-method-unified-v1","review-record","present","repo://quality_reports/plans/2026-07-15_g185_public_failure_report_review_round2_pass.md","repository-tracked","markdown","1636","87ca7acb4d9eb2d67adeb75c2ac1054767f936fcdd9a61e481dd1ef218a663d1","","","","","2026-07-15T00:37:00+08:00","public","track","git-native","Independent public failure-report pass; this is not a manuscript quality pass."
"compound-event-tmax-aligned-series","compound-event-intensity-duration-v1","raw-input","present","external://daily-temp-cn/daily_temp_{year}.nc","external-local","netcdf-series","811831295","7ee27c447e61b23c5730d8e2d096953d8c1f742d20851d62915311535bafc2f2","","","","","2026-07-15T00:00:00+08:00","local","never-track","three-source-confirmed","2016-2019 aligned Tmax series; SHA-256 is over sorted year|file-sha256 lines recorded by the v2 input inventory."
"compound-event-precip-aligned-series","compound-event-intensity-duration-v1","raw-input","present","external://processed-panel-cn/pre-0.1deg/chm-pre-0.1deg-{year}.nc","external-local","netcdf-series","196140230","f0ca77e61b10e964b1d35ab0724d7cf98de6d829fce8a693c1f06093e16d0c18","","","","","2026-07-15T00:00:00+08:00","local","never-track","three-source-confirmed","2016-2019 0.1-degree aligned precipitation series; SHA-256 is over sorted year|file-sha256 lines."
"compound-event-smrz-aligned-series","compound-event-intensity-duration-v1","raw-input","present","external://processed-panel-cn/gleam-sm-0.1deg-tempgrid-{year}.nc","external-local","netcdf-series","1666762835","f8169aab4828ee24420eb79bfdd8cd163bcd6b3b6e3a90029b23f6251f8e9a2f","","","","","2026-07-15T00:00:00+08:00","local","never-track","three-source-confirmed","2016-2019 aligned GLEAM SMrz series; SHA-256 is over sorted year|file-sha256 lines."
"compound-event-smoke-panel-v2","compound-event-intensity-duration-v1","smoke-interface-output","present","local://temp/2026-07-15_compound_event_interface_smoke_v2/event_panel.csv.gz","repository-ignored","csv.gz","5214","32452f05c4bcce91f4bf6c5cb23a1783bc1a32d37db92edb85c3c760f7235214","75","37","886c9e07a56fc8016cfa17b05c18c4f21f7f2171819a6d5fcace6d57e4497381","repo://scripts/python/run_hotdry_event_stage1.py","2026-07-15T01:21:22+08:00","local","never-track","three-source-confirmed","Small-smoke interface rows only; not a complete analysis panel and not valid for inference."
"compound-event-input-inventory-v2","compound-event-intensity-duration-v1","input-manifest","present","local://temp/2026-07-15_compound_event_interface_smoke_v2/input_inventory.json","repository-ignored","json","7004","d07622e96ef65e8f37b9eb4ac3295d664d0c718987862a929451e9e47102eabd","","","","repo://scripts/python/run_hotdry_event_stage1.py","2026-07-15T01:21:22+08:00","local","track-metadata-only","three-source-confirmed","Inventory records 23 inputs but omits tests/test_hotdry_event_stage1_runner.py, the unresolved Round 2 Major."
"compound-event-run-manifest-v2","compound-event-intensity-duration-v1","result-manifest","present","local://temp/2026-07-15_compound_event_interface_smoke_v2/run_manifest.json","repository-ignored","json","9316","724589d62bbadf0cc5b44e0a3c77f921308cd6ccec686d88668df871ea2a18b4","","","","repo://scripts/python/run_hotdry_event_stage1.py","2026-07-15T01:21:22+08:00","local","track-metadata-only","three-source-confirmed","Small-smoke manifest has not_for_inference=true and claims=[]; it does not establish full Stage 1 support."
"compound-event-extension-v2","compound-event-intensity-duration-v1","audit-manifest","present","local://temp/2026-07-15_compound_event_interface_smoke_v2/event_run_extension.json","repository-ignored","json","1327","741578cbf7abd100da61622619ff213f49dd1a1626566bd1b00ef6e8749b6f0d","","","","repo://scripts/python/run_hotdry_event_stage1.py","2026-07-15T01:21:22+08:00","local","track-metadata-only","three-source-confirmed","Extension records yield_model_run=false."
"compound-event-public-stop-report","compound-event-intensity-duration-v1","public-result","present","repo://docs/results/compound-event-intensity-duration-v1/report.md","repository-tracked","markdown","5725","013bb5df281307ea6e9edb3a41094c53a4f1b1b4635d139acdf6fe6a2c8a5e74","","","","","2026-07-15T01:43:10+08:00","public","track","git-native","Public reviewed STOP_AT_SMOKE_REVIEW report; no support count, coefficient or journal claim is reported."
"compound-event-smoke-review-round2","compound-event-intensity-duration-v1","review-record","present","repo://quality_reports/plans/2026-07-15_hotdry_event_smoke_review_round2_stop.md","repository-tracked","markdown","6232","641dc85ecf0a41e0ed320e267331c3410bab57afc8854563a559a7d6c3bff9dc","","","","","2026-07-15T01:24:23+08:00","public","track","git-native","Independent Round 2 decision STOP_AT_SMOKE_REVIEW, 89/100, because the test identity Major remained."
"compound-event-public-review","compound-event-intensity-duration-v1","review-record","present","repo://quality_reports/plans/2026-07-15_hotdry_event_public_stop_review_pass.md","repository-tracked","markdown","1866","fab4c4051043da336561f871207f30c04b2649dbdeb866df522affc0f2d858ef","","","","","2026-07-15T01:28:00+08:00","public","track","git-native","Pass applies only to accurate public failure reporting and does not authorize further execution."
"g185-old-method-unified-override-manifest-v1","g185-old-method-unified-override-v1","result-manifest","present","local://temp/2026-07-15_g185_old_method_unified_override_v1/override_manifest.json","repository-ignored","json","3032","006b186661a0453569cf7fc58dbfd6031f9ffea1cae9741943c871b9c85e2287","","","","repo://scripts/python/export_g185_old_method_override.py","2026-07-15T04:20:53+08:00","local","track-metadata-only","three-source-confirmed","Locks the byte-identical historical evidence inputs and the nonblocking-gate override run without altering the parent FULL_STOP package."
"g185-old-method-unified-override-public-markdown","g185-old-method-unified-override-v1","public-result","present","repo://docs/results/g185-old-method-unified-override-v1/report.md","repository-tracked","markdown","23232","6324abac8e34bfe242510e84ad2f809166fd75891b142a766c5bf2291780b0d4","","","","","2026-07-18T00:22:40+08:00","public","track","git-native","Historical internal candidate manuscript with a 2026-07-18 external-review notice; current interpretation requires endpoint classification and is not submission-ready."
"g185-old-method-unified-override-public-html","g185-old-method-unified-override-v1","public-result","present","repo://docs/results/g185-old-method-unified-override-v1/report.html","repository-tracked","html","748691","ed3eead93fa2f17ccd45c7fd9470cfe8ea543f87fa910f1373b9a9e784b7d00c","","","","","2026-07-18T00:22:40+08:00","public","track","git-native","Historical body and embedded figures were originally rendered by render_g185_override_selfcontained_html.py; the 2026-07-18 external-review banner, provenance meta and temp-link removal are audited manual post-publication revisions."
"g185-old-method-unified-override-review-round2","g185-old-method-unified-override-v1","review-record","present","repo://quality_reports/plans/2026-07-15_g185_override_method_review_round2.md","repository-tracked","markdown","10995","6a9e453b5a0e200104d59ebe8193fab1eb5ff9aa7f7ae5d19f2cfa0efb0e154c","","","","","2026-07-15T04:53:48+08:00","public","track","git-native","Independent Round 2 PASS at 90/100 with no Critical or Major; the later self-contained HTML final review scored 92/100, and candidate status remains below the 95-point publication gate."
"g185-old-method-unified-override-html-final-review","g185-old-method-unified-override-v1","review-record","present","repo://quality_reports/plans/2026-07-15_g185_override_selfcontained_html_final_review.md","repository-tracked","markdown","8981","4ad15fcedb713f54e99285ff47a34a5acd9eca7ca4ff86dc9e9c54858b72d5f2","","","","","2026-07-15T05:36:37+08:00","public","track","git-native","Final read-only verification closes the remote figure persistence Minor for the self-contained HTML."
"regional-threshold-override-phenology-netcdf","regional-threshold-sr-override-v1","raw-input","present","external://maize-phenology-ca-0.1deg-v2/maizephenology-ca-ratio-2016-2019-0p1deg.nc","external-local","netcdf","2199909","130e1aec6e72f89f249c89c7eb2236a885d3ebd2b04db546d1b684b52c3783a7","","","","","2025-12-29T14:35:54+08:00","local","never-track","three-source-confirmed","Actual four-year phenology cube used for V3, HE and MA dates; the run found zero mismatches against the V3 panel date fields."
"regional-threshold-override-exposure-panel-v2","regional-threshold-sr-override-v1","exposure-panel","present","local://temp/2026-07-15_regional_threshold_daily_override_full_v2/daily_exposure_panel.parquet","repository-ignored","parquet","9974835","46ef081cb36b5614bd436d206fad2f3aefeccacd54a15b51fc569ebd06afd1ac","175392","22","","repo://scripts/python/run_regional_threshold_daily_override.py","2026-07-15T04:57:38+08:00","local","track-metadata-only","three-source-confirmed","Three-window exposure rows expanded from 58,464 threshold-valid grid-years; this is not a unique grid-year analysis panel."
"regional-threshold-override-run-manifest-v2","regional-threshold-sr-override-v1","result-manifest","present","local://temp/2026-07-15_regional_threshold_daily_override_full_v2/run_manifest.json","repository-ignored","json","17493","5f6ebccaf11748300ff4034a598a0fcfe65f649ce7668bb555a022b060c9b76c","","","","repo://scripts/python/run_regional_threshold_daily_override.py","2026-07-15T04:57:42+08:00","local","track-metadata-only","three-source-confirmed","Full-v2 manifest locks inputs, daily exposure construction, model outputs and the nonblocking historical coverage-gate setting."
"regional-threshold-override-post-validation-v2","regional-threshold-sr-override-v1","audit-manifest","present","local://temp/2026-07-15_regional_threshold_daily_override_full_v2/round1_post_validation_manifest.json","repository-ignored","json","12221","5859aed104204f19be664f97e8a55e2089719171f91302ddc92139b2fc6fb96d","","","","repo://scripts/python/verify_regional_threshold_round1.py","2026-07-15T05:01:24+08:00","local","track-metadata-only","three-source-confirmed","Post-revision audit records the Stata comparison, tests and file identities after the Round 1 bug correction."
"regional-threshold-override-public-failure-report","regional-threshold-sr-override-v1","public-result","present","repo://docs/results/regional-threshold-sr-override-v1/report.md","repository-tracked","markdown","23525","3738baac2ea8fee851a7986f060f1b3ed51850955342771afc1838a51e3ef68b","","","","","2026-07-15T05:27:49+08:00","public","track","git-native","Complete public failure report; its publication-quality disclosure does not convert the direction into a candidate."
"regional-threshold-override-review-round2","regional-threshold-sr-override-v1","review-record","present","repo://quality_reports/plans/2026-07-15_regional_threshold_override_method_review_round2.md","repository-tracked","markdown","13217","e6426f689b6297cf040b5302e988ab056eb66f7e40cfdeca2956bcec1ee1517c","","","","","2026-07-15T05:14:59+08:00","public","track","git-native","Independent final Round 2 FAIL or REVIEWED_NOT_CANDIDATE at 72/100 with three unresolved Major issues."
"regional-threshold-override-public-final-review","regional-threshold-sr-override-v1","review-record","present","repo://quality_reports/plans/2026-07-15_regional_threshold_override_failure_public_final_review.md","repository-tracked","markdown","7988","08fdcf173c5940795a3acd6ee809a580870e7acb1c8fecbf9e50e9b8d9382dc3","","","","","2026-07-15T05:36:51+08:00","public","track","git-native","PASS verifies accurate public failure disclosure only; empirical status remains reviewed failure."
"compound-event-override-full-event-panel-v1","compound-event-intensity-duration-override-v1","event-panel","present","local://temp/2026-07-15_compound_event_override_stage1_v1/event_panel.csv.gz","repository-ignored","csv.gz","7954987","d36f1a7a89139c7f13c814a2eea9eec630932a29cf9faf5c8e313685408055c2","147648","37","","repo://scripts/python/run_hotdry_event_override_stage1.py","2026-07-15T04:29:53+08:00","local","track-metadata-only","three-source-confirmed","Full event-level panel preserving multiple events per grid-year; yield analysis remains at the grid-year level."
"compound-event-override-model-manifest-v3","compound-event-intensity-duration-override-v1","result-manifest","present","local://temp/2026-07-15_compound_event_override_round1_revision_v3/run_manifest.json","repository-ignored","json","18503","3fc7df17b1ebb0b53af0f118a132b1b482af937713d2a86c3a8d06ce8d8ebe83","","","","repo://scripts/python/run_hotdry_event_round1_revision.py","2026-07-15T05:25:22+08:00","local","track-metadata-only","three-source-confirmed","Locks joint and separate yield models, strict-window checks, Webb and HAC inference, and R or Stata replication outputs."
"compound-event-override-recovery-manifest-v2","compound-event-intensity-duration-override-v1","result-manifest","present","local://temp/2026-07-15_compound_event_override_recovery_v2/run_manifest.json","repository-ignored","json","20526","a8353de0388ea1d645fcb731f95e6ae6c00aa048e17d74fa2496401742622315","","","","repo://scripts/python/run_hotdry_event_override_recovery_v2.py","2026-07-15T04:56:56+08:00","local","track-metadata-only","three-source-confirmed","Fixed-IPCW weighted cloglog and RMST recovery results; intervals do not propagate censoring-model estimation error."
"compound-event-override-report-manifest-v3","compound-event-intensity-duration-override-v1","result-manifest","present","local://temp/2026-07-15_compound_event_override_report_v3/report_run_manifest.json","repository-ignored","json","4364","a688514875a471cb56d06b461d5283c254964762ba579947b1dc3bc725fcb3de","","","","repo://scripts/python/render_hotdry_event_round1_report.py","2026-07-15T05:39:56+08:00","local","track-metadata-only","three-source-confirmed","Top-level report manifest locks the main-model and recovery manifests, three figures, Markdown and self-contained HTML."
"compound-event-override-public-markdown","compound-event-intensity-duration-override-v1","public-result","present","repo://docs/results/compound-event-intensity-duration-override-v1/report.md","repository-tracked","markdown","16849","2d6c9069ebc1a676e02bb01bd6746a9d8ff1cf2e5950753ae114c86ee6534e58","","","","","2026-07-18T00:22:40+08:00","public","track","git-native","Historical internal candidate manuscript with a 2026-07-18 event-model structure notice; the 28-column model lacks the event indicator."
"compound-event-override-public-figures-html","compound-event-intensity-duration-override-v1","public-result","present","repo://docs/results/compound-event-intensity-duration-override-v1/figures.html","repository-tracked","html","668878","d92d7c489f7579cea7328275716704a0ed52575e1110bb6d28084e17420da457","","","","repo://scripts/python/render_hotdry_event_round1_report.py","2026-07-15T05:39:56+08:00","public","track","git-native","Self-contained HTML with three embedded 3600 by 1500 white-background publication figures."
"compound-event-override-review-round2","compound-event-intensity-duration-override-v1","review-record","present","repo://quality_reports/plans/2026-07-15_hotdry_event_override_method_review_round2.md","repository-tracked","markdown","10446","14e074644156fa727f9c05f27369c7817c231032effb301bec531df0a5a03ac5","","","","","2026-07-15T05:52:06+08:00","public","track","git-native","Independent final Round 2 PASS_CANDIDATE at 91/100 with no Critical or Major; no Round 3 is authorized."
"report-sr-method-portfolio-web-reader-v1-public-report","report-sr-method-portfolio-web-reader-v1","public-result","present","repo://docs/results/report-sr-method-portfolio-web-reader-v1/report.md","repository-tracked","markdown","6787","d72b5867a04a0b97132b84e730fe08413df376944ef438c738e4e1022fa25d85","","","","","2026-07-18T00:19:17+08:00","public","track","git-native","Primary GitHub reading entry for the three empirical directions and the 37-paper method inventory."
"report-sr-method-portfolio-web-reader-v1-gpt-prompt","report-sr-method-portfolio-web-reader-v1","review-prompt","present","repo://docs/results/report-sr-method-portfolio-web-reader-v1/GPT_WEB_PROMPT.md","repository-tracked","markdown","3022","30ae81fd21ff6eb92b3f41318ab4b78b830566ddb2547e48eb42cbbff2e24f9f","","","","","2026-07-18T00:02:04+08:00","public","track","git-native","Self-contained prompt for continuing independent review and method brainstorming in a web GPT."
"report-sr-method-portfolio-web-reader-v1-portfolio-status","report-sr-method-portfolio-web-reader-v1","public-result","present","repo://docs/results/report-sr-method-portfolio-web-reader-v1/portfolio/portfolio_status.md","repository-tracked","markdown","3105","4738263e6866d3dd35212ec022139ac2157d3b153fb0607505b2945755c00607","","","","","2026-07-18T00:09:00+08:00","public","track","git-native","Current status and unresolved issues for all three directions."
"report-sr-method-portfolio-web-reader-v1-g185-endpoints","report-sr-method-portfolio-web-reader-v1","public-result","present","repo://docs/results/report-sr-method-portfolio-web-reader-v1/portfolio/g185_endpoint_slopes.md","repository-tracked","markdown","2041","1058b21bf5ab0068a6341fcda9a85d74c57138f89ad6489323742fd75177cfaa","","","","","2026-07-18T00:09:00+08:00","public","track","git-native","Markdown transcription of the reviewed G185 national P25 and P75 endpoint table and classification."
"report-sr-method-portfolio-web-reader-v1-external-review","report-sr-method-portfolio-web-reader-v1","review-record","present","repo://docs/results/report-sr-method-portfolio-web-reader-v1/review/external_review_synthesis.md","repository-tracked","markdown","2771","175c7dbc69a8211bd4f56fa2c24e55784933f2aa7f1233fc3ad29462a8a13e1f","","","","","2026-07-18T00:02:04+08:00","public","track","git-native","Locally reconciled synthesis of two external web reviews; raw conversations are not published."
"report-sr-method-portfolio-web-reader-v1-event-audit","report-sr-method-portfolio-web-reader-v1","review-record","present","repo://docs/results/report-sr-method-portfolio-web-reader-v1/methods/event_model_structure_audit.md","repository-tracked","markdown","2822","be94a68693bd234023e16262182416044f025844fb65e8c54793da9d763eee88","","","","","2026-07-15T17:40:06+08:00","public","track","git-native","Audit showing that the existing 28-column yield model does not include event occurrence terms."
"report-sr-method-portfolio-web-reader-v1-literature-readme","report-sr-method-portfolio-web-reader-v1","literature-index","present","repo://docs/results/report-sr-method-portfolio-web-reader-v1/literature/README.md","repository-tracked","markdown","879","e1d7ebdab35c2d6eef9a673f7feb5717ffc30aec94bde806cd57a75525ee2343","","","","","2026-07-18T00:07:56+08:00","public","track","git-native","Public reading order and verification boundaries for the 37-paper inventory."
"report-sr-method-portfolio-web-reader-v1-literature-ranked","report-sr-method-portfolio-web-reader-v1","literature-index","present","repo://docs/results/report-sr-method-portfolio-web-reader-v1/literature/final_ranked_literature.md","repository-tracked","markdown","23002","784eccb0e200bf435e649842b87306e6808783a6c24eb2432b5dcfaefaf5348f","","","","","2026-07-18T00:10:33+08:00","public","track","git-native","Sanitized 37-paper ranking with DOI links and three learning points per paper."
