event_id,thread_id,event_time,tool,operation,path_or_artifact_id,command_sha256,verification_status,notes
chg-00001,019cb2e6-85fb-7cc1-97c0-ccf544316a6c,2026-03-03T08:54:54.332Z,shell_command,analysis-run,scripts/generate_openai_yaml.py,202dcd06e2527e4092519143d819b2a2d617f22ac41628a04883797d12908c79,historical-path-missing,aggregation=thread+operation; candidates=4; distinct_paths=3; representative=current-path-first; omitted=additional calls/paths; raw omitted
chg-00002,019cb2e6-85fb-7cc1-97c0-ccf544316a6c,2026-03-03T08:56:25.919Z,apply_patch,update-file,external-artifact,8e6004b1d3f95786497fece3f13783cc8fdabd98d988a4d8ba975e9acf8eae5f,verified-session,aggregation=thread+operation; candidates=1; distinct_paths=1; representative=current-path-first; omitted=additional calls/paths; raw omitted
chg-00003,019cb2ed-e71a-7b73-8aae-b60202f55998,2026-03-03T09:23:22.867Z,shell_command,file-write-command,AGENTS.md,60916b2171dfa68e74d81e23609d547b486429ebc16ab3232db4ad07199d9b65,verified-current,aggregation=thread+operation; candidates=89; distinct_paths=51; representative=current-path-first; omitted=additional calls/paths; raw omitted
chg-00004,019cb2ed-e71a-7b73-8aae-b60202f55998,2026-03-03T09:24:32.322Z,apply_patch,add-file,.codex/hooks/README.md,22f6dda915186172eebbfd436d646b2675d3648b044993ac25ad06f90f80586a,historical-path-missing,aggregation=thread+operation; candidates=18; distinct_paths=18; representative=current-path-first; omitted=additional calls/paths; raw omitted
chg-00005,019cb2ed-e71a-7b73-8aae-b60202f55998,2026-03-03T09:28:07.702Z,apply_patch,update-file,.codex/hooks/context-monitor.py,e6b7f2dd25b7ad2457117c687091229bf4687ecf4351f7f03f16b1b2c63bf17c,historical-path-missing,aggregation=thread+operation; candidates=56; distinct_paths=22; representative=current-path-first; omitted=additional calls/paths; raw omitted
chg-00006,019cb2ed-e71a-7b73-8aae-b60202f55998,2026-03-03T09:29:14.296Z,shell_command,plan-write,quality_reports/plans/YYYY-MM-DD_*.md,6b84a557c135c27bd814b2b43390fd96e3c149dba7ac068d665835b9c33ebd62,verified-session,aggregation=thread+operation; candidates=3; distinct_paths=3; representative=current-path-first; omitted=additional calls/paths; raw omitted
chg-00007,019cb2ed-e71a-7b73-8aae-b60202f55998,2026-03-03T09:46:51.162Z,shell_command,analysis-run,scripts/quality_score.py,f9ead374304e44d002bf327fe424a018486377c852f368ca3084941b10c7cc27,historical-path-missing,aggregation=thread+operation; candidates=5; distinct_paths=2; representative=current-path-first; omitted=additional calls/paths; raw omitted
chg-00008,019cf584-4269-7b42-bce6-41d6cd53ae25,2026-03-16T07:30:56.652Z,shell_command,file-write-command,quality_reports/plans,6b7d854dd3e4fb9ea8bf06d10d62a47b97a91cfc60bd02a6f025a0afbeef5f90,verified-current,aggregation=thread+operation; candidates=5; distinct_paths=5; representative=current-path-first; omitted=additional calls/paths; raw omitted
chg-00009,019cf584-4269-7b42-bce6-41d6cd53ae25,2026-03-16T07:30:56.652Z,mixed,manifest-write,references/manifests,6b7d854dd3e4fb9ea8bf06d10d62a47b97a91cfc60bd02a6f025a0afbeef5f90,historical-path-missing,aggregation=thread+operation; candidates=17; distinct_paths=2; representative=current-path-first; omitted=additional calls/paths; raw omitted
chg-00010,019cf584-4269-7b42-bce6-41d6cd53ae25,2026-03-16T07:34:30.647Z,apply_patch,add-file,references/code/test.txt,6c57645069af9c0d92d51894f9ecb28158317c2dd56fb8326909e205ec740d09,historical-path-missing,aggregation=thread+operation; candidates=9; distinct_paths=6; representative=current-path-first; omitted=additional calls/paths; raw omitted
chg-00011,019cf584-4269-7b42-bce6-41d6cd53ae25,2026-03-16T07:34:30.647Z,apply_patch,plan-write,quality_reports/plans/2026-03-16_literature_code_open_access_plan.md,b8ec05ba7ed19f34aef181de6a86600046a9e4a9ab549fbf6cba7deb01009c21,verified-current,aggregation=thread+operation; candidates=3; distinct_paths=1; representative=current-path-first; omitted=additional calls/paths; raw omitted
chg-00012,019cf584-4269-7b42-bce6-41d6cd53ae25,2026-03-16T07:38:15.916Z,apply_patch,delete-observed,references/code/test.txt,31e5118dcfe083f606e841e15748eb6615c7111e93de86549a2465714121aac4,historical-path-missing,aggregation=thread+operation; candidates=3; distinct_paths=3; representative=current-path-first; omitted=additional calls/paths; raw omitted; historical-only; no deletion performed
chg-00013,019cf584-4269-7b42-bce6-41d6cd53ae25,2026-03-16T07:43:55.340Z,apply_patch,update-file,references/manifests/literature_seed.csv,1297ef18c6822faeb349b2064f397d79e08e8f49c0cc11189c44f9b483afd826,failed-session,aggregation=thread+operation; candidates=1; distinct_paths=1; representative=current-path-first; omitted=additional calls/paths; raw omitted
chg-00014,019d157f-642e-7f01-8c7e-160d88108588,2026-03-22T12:44:01.608Z,shell_command,file-write-command,data/master/data_v1_with_climate.csv,b7795ed35511a4248d049623faef442fac09d36f5b3cfebe11999eefcae39642,historical-path-missing,aggregation=thread+operation; candidates=4; distinct_paths=3; representative=current-path-first; omitted=additional calls/paths; raw omitted
chg-00015,019d157f-642e-7f01-8c7e-160d88108588,2026-03-22T12:52:46.831Z,apply_patch,add-file,scripts/python/add_county_city_from_coords.py,82c1e569acd8088989e489f6604076a10e5c8989f91fa97cd138b8ed558d071e,verified-current,aggregation=thread+operation; candidates=1; distinct_paths=1; representative=current-path-first; omitted=additional calls/paths; raw omitted
chg-00016,019d3c7a-ac0c-75f2-81f0-2941bb2d5786,2026-03-30T02:18:36.962Z,apply_patch,add-file,claude-mem-skill-staging/SKILL.md,340719eb4b956003564ab2e3f656c1f973b16d79df4c14e7981d65e24ef6abca,failed-session,aggregation=thread+operation; candidates=2; distinct_paths=2; representative=current-path-first; omitted=additional calls/paths; raw omitted
chg-00017,019d3c7a-ac0c-75f2-81f0-2941bb2d5786,2026-03-30T02:18:42.275Z,shell_command,file-write-command,MEMORY.md,2653d673a995b190dee0b88e181f77534d0c519d2ed57506acc2b28f40017a12,verified-current,aggregation=thread+operation; candidates=4; distinct_paths=3; representative=current-path-first; omitted=additional calls/paths; raw omitted
chg-00018,019d3c8b-a43c-7372-9817-81d9a87bdaa4,2026-03-30T02:22:43.255Z,shell_command,file-write-command,AGENTS.md,10217e2e5e9f96c6f02d330a6052d99b980362212372c9c10065e0ccf2908374,verified-current,aggregation=thread+operation; candidates=2; distinct_paths=2; representative=current-path-first; omitted=additional calls/paths; raw omitted
chg-00019,019d3c8b-a43c-7372-9817-81d9a87bdaa4,2026-03-30T02:25:00.248Z,apply_patch,update-file,AGENTS.md,a6a681bf173c3ca8838845e3568a5300cbcf3d3a8af602a591153a4418ba8749,observed-unverified,aggregation=thread+operation; candidates=1; distinct_paths=1; representative=current-path-first; omitted=additional calls/paths; raw omitted
chg-00020,019d3c96-c6f0-7fe0-8bba-cb8ee97c357e,2026-03-30T02:34:11.524Z,shell_command,file-write-command,.AGENT/skills,fde9564544258dfe3936f051340fc2a86695735ebbfc8d131cb93be72bb7b020,verified-current,aggregation=thread+operation; candidates=1; distinct_paths=1; representative=current-path-first; omitted=additional calls/paths; raw omitted
chg-00021,019d3cd7-dacc-7be1-997a-2e14a6750c27,2026-03-30T04:05:06.266Z,shell_command,file-write-command,.AGENT/**,ba45754725f6125194106874aea12c5a96a0ca2efb56234e7f842ee912a7f4b4,verified-session,aggregation=thread+operation; candidates=32; distinct_paths=25; representative=current-path-first; omitted=additional calls/paths; raw omitted
chg-00022,019d3cd7-dacc-7be1-997a-2e14a6750c27,2026-03-30T04:07:37.773Z,apply_patch,update-file,CODEX/.AGENT/WORKFLOW_QUICK_REF.md,12d6f0f95b5d3285a5dbaaa4ccf6c69ef1e3a65e38024cdf35a9f79023de0dee,failed-session,aggregation=thread+operation; candidates=8; distinct_paths=7; representative=current-path-first; omitted=additional calls/paths; raw omitted
chg-00023,019d3cd7-dacc-7be1-997a-2e14a6750c27,2026-03-30T04:09:35.799Z,shell_command,plan-write,quality_reports/plans/2026-03-17_lexical-growing-sketch_snapshot.md,ba45754725f6125194106874aea12c5a96a0ca2efb56234e7f842ee912a7f4b4,historical-path-missing,aggregation=thread+operation; candidates=2; distinct_paths=2; representative=current-path-first; omitted=additional calls/paths; raw omitted
chg-00024,019d3d7b-5333-77e0-98b3-4fa969fe8633,2026-03-30T06:49:59.440Z,shell_command,analysis-run,.AGENT/skills/stata-dylantmoore/references/external-tools-integration.md,57bc40e8f3b0139755066dc7946c4b8b7f1fc1ef8b883796ac2298ff2fd50aa6,verified-current,aggregation=thread+operation; candidates=11; distinct_paths=7; representative=current-path-first; omitted=additional calls/paths; raw omitted
chg-00025,019d3d7b-5333-77e0-98b3-4fa969fe8633,2026-03-30T07:11:30.800Z,apply_patch,add-file,CODEX/output/reports/preamble_v2_round1.tex,65dba6e3651c9ea94d528cdfd5fed6eab940e544a991067e2797aa1168da318d,failed-session,aggregation=thread+operation; candidates=3; distinct_paths=3; representative=current-path-first; omitted=additional calls/paths; raw omitted
chg-00026,019d3d7b-5333-77e0-98b3-4fa969fe8633,2026-03-30T07:11:30.800Z,mixed,plan-write,CODEX/quality_reports/plans/2026-03-30_round1_beamer_report_plan.md,65dba6e3651c9ea94d528cdfd5fed6eab940e544a991067e2797aa1168da318d,failed-session,aggregation=thread+operation; candidates=4; distinct_paths=2; representative=current-path-first; omitted=additional calls/paths; raw omitted
chg-00027,019d3d7b-5333-77e0-98b3-4fa969fe8633,2026-03-30T07:13:17.067Z,shell_command,file-write-command,CODEX,f0f679d8acde1454eb7e442eb03db69d23732b63cf7f8b7cc9a36a0406efb0d1,verified-current,aggregation=thread+operation; candidates=85; distinct_paths=46; representative=current-path-first; omitted=additional calls/paths; raw omitted
chg-00028,019d3ed4-7d77-7bb1-9165-361c1d66473f,2026-03-30T13:00:11.465Z,shell_command,analysis-run,.AGENT/skills/stata-dylantmoore/references/external-tools-integration.md,57bc40e8f3b0139755066dc7946c4b8b7f1fc1ef8b883796ac2298ff2fd50aa6,verified-current,aggregation=thread+operation; candidates=31; distinct_paths=22; representative=current-path-first; omitted=additional calls/paths; raw omitted
chg-00029,019d3ed4-7d77-7bb1-9165-361c1d66473f,2026-03-30T13:00:11.468Z,apply_patch,add-file,CODEX/output/reports/preamble_v2_round1.tex,65dba6e3651c9ea94d528cdfd5fed6eab940e544a991067e2797aa1168da318d,failed-session,aggregation=thread+operation; candidates=3; distinct_paths=3; representative=current-path-first; omitted=additional calls/paths; raw omitted
chg-00030,019d3ed4-7d77-7bb1-9165-361c1d66473f,2026-03-30T13:00:11.468Z,mixed,plan-write,CODEX/quality_reports/plans/2026-03-30_round1_beamer_report_plan.md,65dba6e3651c9ea94d528cdfd5fed6eab940e544a991067e2797aa1168da318d,failed-session,aggregation=thread+operation; candidates=6; distinct_paths=4; representative=current-path-first; omitted=additional calls/paths; raw omitted
chg-00031,019d3ed4-7d77-7bb1-9165-361c1d66473f,2026-03-30T13:00:11.469Z,shell_command,file-write-command,CODEX,f0f679d8acde1454eb7e442eb03db69d23732b63cf7f8b7cc9a36a0406efb0d1,verified-current,aggregation=thread+operation; candidates=255; distinct_paths=96; representative=current-path-first; omitted=additional calls/paths; raw omitted
chg-00032,019d3ed4-7d77-7bb1-9165-361c1d66473f,2026-03-31T06:59:15.344Z,apply_patch,update-file,CODEX/AGENTS.md,2768ddff9855c477fcf8e59dfd8b20fa4335f422fbedb47e779bc6b012bbe488,failed-session,aggregation=thread+operation; candidates=1; distinct_paths=1; representative=current-path-first; omitted=additional calls/paths; raw omitted
chg-00033,019d65ba-d2f2-71a1-b7b5-7d287d93ba5b,2026-04-07T02:20:20.869Z,shell_command,file-write-command,output/figures,9d09b1e4e0ac2d8deacb1e478c53e7795f3701582c8306d6c3b76f6d9517859a,failed-session,aggregation=thread+operation; candidates=19; distinct_paths=13; representative=current-path-first; omitted=additional calls/paths; raw omitted
chg-00034,019d65ba-d2f2-71a1-b7b5-7d287d93ba5b,2026-04-07T02:43:59.256Z,apply_patch,add-file,scripts/R/v3_results_workbook.R,6313adf41d1608cd420a9e258cee403b49fdeb427718fcf769a6138b76121859,verified-current,aggregation=thread+operation; candidates=2; distinct_paths=1; representative=current-path-first; omitted=additional calls/paths; raw omitted
chg-00035,019d65ba-d2f2-71a1-b7b5-7d287d93ba5b,2026-04-07T02:43:59.256Z,apply_patch,plan-write,quality_reports/plans/2026-04-07_v3_results_workbook_plan.md,6313adf41d1608cd420a9e258cee403b49fdeb427718fcf769a6138b76121859,verified-current,aggregation=thread+operation; candidates=2; distinct_paths=1; representative=current-path-first; omitted=additional calls/paths; raw omitted
chg-00036,019d65ba-d2f2-71a1-b7b5-7d287d93ba5b,2026-04-07T02:47:17.779Z,shell_command,analysis-run,scripts/R/v3_results_workbook.R,20c041dc162ec4574e92a8d51742e418c0205838adc77f842bfb2ada4001d023,failed-session,aggregation=thread+operation; candidates=1; distinct_paths=1; representative=current-path-first; omitted=additional calls/paths; raw omitted
chg-00037,019d65ba-d2f2-71a1-b7b5-7d287d93ba5b,2026-04-07T02:47:30.953Z,apply_patch,update-file,scripts/R/v3_results_workbook.R,f4318a54f22180739307c599095566499f30c511219533334ee78583d987f572,verified-current,aggregation=thread+operation; candidates=1; distinct_paths=1; representative=current-path-first; omitted=additional calls/paths; raw omitted
chg-00038,019d6739-944c-7c02-8430-6101e53a4e11,2026-04-07T09:18:39.041Z,apply_patch,plan-write,quality_reports/plans/2026-04-07_v3_report_code_trace_plan.md,ba4e1c9ecfb5294b55a0bb15c8e281a165d583428ffeffddac63d9c929c3543d,verified-current,aggregation=thread+operation; candidates=1; distinct_paths=1; representative=current-path-first; omitted=additional calls/paths; raw omitted
chg-00039,019d6728-c6a4-7301-81a1-6de3a20491e2,2026-04-07T09:23:47.265Z,apply_patch,update-file,data_build/scripts/python/config.py,86bbffe4316dbfa93aae196500534b3a2588bfa91ae09f8a60b302beb783af5f,verified-current,aggregation=thread+operation; candidates=12; distinct_paths=8; representative=current-path-first; omitted=additional calls/paths; raw omitted
chg-00040,019d6740-9170-7aa1-9f1c-b796e37ac3b1,2026-04-07T09:24:14.140Z,apply_patch,update-file,AGENTS.md,49bfcdbd5d6911ae6e1336792122c791c353c413b4814abc439f7eaf698d1fe1,verified-current,aggregation=thread+operation; candidates=1; distinct_paths=1; representative=current-path-first; omitted=additional calls/paths; raw omitted
chg-00041,019d6728-c6a4-7301-81a1-6de3a20491e2,2026-04-07T09:26:55.441Z,apply_patch,add-file,data_build/scripts/python/fix_pseudo_zeros.py,667a74d89171ca6a635f075a8d8b3c59a8a5f93ba715351f5ad48bcb5ad20ef8,verified-current,aggregation=thread+operation; candidates=10; distinct_paths=5; representative=current-path-first; omitted=additional calls/paths; raw omitted
chg-00042,019d6728-c6a4-7301-81a1-6de3a20491e2,2026-04-07T09:26:55.441Z,apply_patch,delete-observed,data_build/scripts/python/fix_pseudo_zeros.py,9341f3a2b8f971d0c707b21009bf910bb468820a81a0e223380146c181c750cc,verified-current,aggregation=thread+operation; candidates=9; distinct_paths=5; representative=current-path-first; omitted=additional calls/paths; raw omitted; historical-only; no deletion performed
chg-00043,019d6728-c6a4-7301-81a1-6de3a20491e2,2026-04-07T09:26:55.441Z,apply_patch,plan-write,quality_reports/plans/2026-04-07_data_build_v3_capped_gdd_plan.md,274c46a4d066109fee536148914e63f0f98cce6bfdc7f7eff0d1f64ed411f388,verified-current,aggregation=thread+operation; candidates=3; distinct_paths=2; representative=current-path-first; omitted=additional calls/paths; raw omitted
chg-00044,019d6728-c6a4-7301-81a1-6de3a20491e2,2026-04-07T09:30:36.887Z,shell_command,analysis-run,data_build/scripts/python/fix_pseudo_zeros.py,5c9abfc67db6ca3baf36c6022363fc330c456e4a154e0141e67e20cf511c3247,verified-current,aggregation=thread+operation; candidates=9; distinct_paths=8; representative=current-path-first; omitted=additional calls/paths; raw omitted
chg-00045,019d6739-944c-7c02-8430-6101e53a4e11,2026-04-07T09:31:19.178Z,shell_command,file-write-command,scripts/stata/v3_step4_full_coefs.do,bc026b5cbf902afed4163813e6d65c79c12e8923bed3b0a4394dd835bf4db41d,verified-current,aggregation=thread+operation; candidates=3; distinct_paths=3; representative=current-path-first; omitted=additional calls/paths; raw omitted
chg-00046,019d67f9-cc39-7e20-b71b-f6b66a5ebd06,2026-04-07T13:01:02.092Z,shell_command,file-write-command,data_build/data/processed/data_v3_main.dta,d8100dcba8c671bcfb6071a708fa2f8e32ab4368f1051e8478e727b74b510794,verified-current,aggregation=thread+operation; candidates=22; distinct_paths=15; representative=current-path-first; omitted=additional calls/paths; raw omitted
chg-00047,019d67f9-cc39-7e20-b71b-f6b66a5ebd06,2026-04-07T13:13:47.873Z,apply_patch,add-file,output/reports/v3_dialogue_integrated_beamer.Rmd,5a2262dd29b5589610797374220a166dcbbf5ea33bb462186174762b6dfbd0e3,verified-current,aggregation=thread+operation; candidates=31; distinct_paths=25; representative=current-path-first; omitted=additional calls/paths; raw omitted
chg-00048,019d67f9-cc39-7e20-b71b-f6b66a5ebd06,2026-04-07T13:13:47.873Z,apply_patch,plan-write,quality_reports/plans/2026-04-07_v3prhd_beamer_redesign_plan.md,a51ee0913db924812829ef0cebe55ff544da273ba36cf1d9eacf35aa452f4d77,verified-current,aggregation=thread+operation; candidates=8; distinct_paths=7; representative=current-path-first; omitted=additional calls/paths; raw omitted
chg-00049,019d67f9-cc39-7e20-b71b-f6b66a5ebd06,2026-04-07T13:15:23.189Z,shell_command,analysis-run,scripts/R/v3decomp_plots.R,3303b6be3a31b790f2947db36a2c8e3e046c18dae5aabbebfa956d73a4c655f8,verified-current,aggregation=thread+operation; candidates=13; distinct_paths=11; representative=current-path-first; omitted=additional calls/paths; raw omitted
chg-00050,019d67f9-cc39-7e20-b71b-f6b66a5ebd06,2026-04-07T13:16:10.340Z,apply_patch,update-file,output/reports/v3_dialogue_integrated_beamer.Rmd,b52509138ef3361f13c4d2aeac272443ecc42ef5a9785d071bb8e71c9c2c9ecc,verified-current,aggregation=thread+operation; candidates=56; distinct_paths=14; representative=current-path-first; omitted=additional calls/paths; raw omitted
chg-00051,019d67f9-cc39-7e20-b71b-f6b66a5ebd06,2026-04-07T13:19:39.136Z,apply_patch,delete-observed,output/reports/v3prhd_beamer_report.Rmd,eed3a62902854cf3b5f805b6569b02f102798fdb208e99e34dd0ae9f3f58a677,verified-current,aggregation=thread+operation; candidates=4; distinct_paths=3; representative=current-path-first; omitted=additional calls/paths; raw omitted; historical-only; no deletion performed
chg-00052,019d6825-0ea5-7110-836c-436e25facd1c,2026-04-07T13:33:14.468Z,apply_patch,plan-write,quality_reports/plans/2026-04-07_beamer_ppt_skill_install_plan.md,f49b31250c253797b436ed72c404702b340770df808b4dbf8deb5f92ae951fbf,verified-current,aggregation=thread+operation; candidates=1; distinct_paths=1; representative=current-path-first; omitted=additional calls/paths; raw omitted
chg-00053,019d6825-0ea5-7110-836c-436e25facd1c,2026-04-07T13:33:35.715Z,shell_command,analysis-run,scripts/install-skill-from-github.py,b30aed2aece68741c23aafc9d4c6c659fa0376926b3c5d04f9596bce4b4a8486,historical-path-missing,aggregation=thread+operation; candidates=1; distinct_paths=1; representative=current-path-first; omitted=additional calls/paths; raw omitted
chg-00054,019d6875-ea4e-7c52-adf5-df61eb5c95d3,2026-04-07T15:02:07.091Z,shell_command,file-write-command,project-worktree,59b95a1fad1ddd2c3a4239330443ee550463e099370ced9538daa2c2a8316401,verified-session,aggregation=thread+operation; candidates=2; distinct_paths=1; representative=current-path-first; omitted=additional calls/paths; raw omitted
chg-00055,019d6875-ea4e-7c52-adf5-df61eb5c95d3,2026-04-07T15:04:37.625Z,shell_command,analysis-run,scripts/install-skill-from-github.py,450b79c6a0c208d65de67202d36b5bfdad8e35adf328a6e03827759165ee1a6e,historical-path-missing,aggregation=thread+operation; candidates=1; distinct_paths=1; representative=current-path-first; omitted=additional calls/paths; raw omitted
chg-00056,019d6875-ea4e-7c52-adf5-df61eb5c95d3,2026-04-07T15:05:28.766Z,apply_patch,add-file,external-artifact,fd57fdf21668fd21901724a1830fd5208e17989daba1b08235b3dfdd0309e863,verified-session,aggregation=thread+operation; candidates=1; distinct_paths=1; representative=current-path-first; omitted=additional calls/paths; raw omitted
chg-00057,019d6875-ea4e-7c52-adf5-df61eb5c95d3,2026-04-07T15:05:28.766Z,apply_patch,update-file,external-artifact,fd57fdf21668fd21901724a1830fd5208e17989daba1b08235b3dfdd0309e863,verified-session,aggregation=thread+operation; candidates=1; distinct_paths=1; representative=current-path-first; omitted=additional calls/paths; raw omitted
chg-00058,019d8c5c-9810-7a73-823c-fd614dcf92ac,2026-04-14T14:20:15.683Z,apply_patch,plan-write,quality_reports/plans/2026-04-14_feishu_cli_smoke_test_plan.md,d83e6fdcb5c1acb4cd1b7cd07b79913b6555e5171e524aba145fa95ff9988cdc,verified-current,aggregation=thread+operation; candidates=1; distinct_paths=1; representative=current-path-first; omitted=additional calls/paths; raw omitted
chg-00059,019d904f-5282-7b01-8c09-058c22579b38,2026-04-15T08:55:45.525Z,shell_command,file-write-command,scripts/stata/*.do,630a9ab596a35984169ca208aca7f9db1ef4d45f8d915a0b116cb0089878fde2,failed-session,aggregation=thread+operation; candidates=1; distinct_paths=1; representative=current-path-first; omitted=additional calls/paths; raw omitted
chg-00060,019d904f-5282-7b01-8c09-058c22579b38,2026-04-15T08:58:05.041Z,apply_patch,add-file,scripts/stata/v3_smproxy_multisource_coefplot.do,7f5b475fcf1d4126c041a2656b8524337efdb3ca0531334a120d8ce7262cd681,verified-current,aggregation=thread+operation; candidates=1; distinct_paths=1; representative=current-path-first; omitted=additional calls/paths; raw omitted
chg-00061,019d904f-5282-7b01-8c09-058c22579b38,2026-04-15T08:58:05.041Z,apply_patch,plan-write,quality_reports/plans/2026-04-15_v3_smproxy_multisource_coefplot_plan.md,7f5b475fcf1d4126c041a2656b8524337efdb3ca0531334a120d8ce7262cd681,verified-current,aggregation=thread+operation; candidates=1; distinct_paths=1; representative=current-path-first; omitted=additional calls/paths; raw omitted
chg-00062,019d904f-5282-7b01-8c09-058c22579b38,2026-04-15T08:58:28.435Z,apply_patch,update-file,scripts/stata/v3_smproxy_multisource_coefplot.do,b7660b0a496fa4ee050c1c1140db7390271eab9c12196823b184e52d72a753f7,verified-current,aggregation=thread+operation; candidates=12; distinct_paths=1; representative=current-path-first; omitted=additional calls/paths; raw omitted
chg-00063,019d904f-5282-7b01-8c09-058c22579b38,2026-04-15T08:59:09.802Z,shell_command,analysis-run,scripts/stata/v3_smproxy_multisource_coefplot.do,b1086cde681dac939729c1fac754311a38bb1bf35235c4e0108617f47867a4e4,verified-current,aggregation=thread+operation; candidates=2; distinct_paths=1; representative=current-path-first; omitted=additional calls/paths; raw omitted
chg-00064,019d67f9-cc39-7e20-b71b-f6b66a5ebd06,2026-04-15T12:21:12.936Z,apply_patch,handoff-write,quality_reports/handoffs/2026-04-15_v3_task_handoff.md,0690d4f0d47cfdd62bdbe75a2b34a798cb7eeb0ec364217310d52b512ea8818f,verified-current,aggregation=thread+operation; candidates=1; distinct_paths=1; representative=current-path-first; omitted=additional calls/paths; raw omitted
chg-00065,019d91d5-35b5-7462-a0aa-9e398b1327fc,2026-04-15T15:51:08.422Z,shell_command,file-write-command,data/processed,5e59852ce116cbcac3c5adec0f0f078f67d6a997dc3b5c9daeeb0e6441ad9a63,verified-current,aggregation=thread+operation; candidates=11; distinct_paths=11; representative=current-path-first; omitted=additional calls/paths; raw omitted
chg-00066,019d91d5-35b5-7462-a0aa-9e398b1327fc,2026-04-15T15:52:11.193Z,apply_patch,plan-write,v3med_model8_20260415/quality_reports/plans/2026-04-15_v3med_model8_plan.md,59a77fe8110401518b2d1b1e1b31b0961c893f52d96cb114df52075a2bcc5641,verified-current,aggregation=thread+operation; candidates=1; distinct_paths=1; representative=current-path-first; omitted=additional calls/paths; raw omitted
chg-00067,019d91d5-35b5-7462-a0aa-9e398b1327fc,2026-04-15T15:59:03.758Z,apply_patch,add-file,v3med_model8_20260415/output/logs/v3med_feishu_export_result.json,214f8f5c6b31ecd8ade7f513165d292634a13a60abd234409b659985c9cf1732,verified-current,aggregation=thread+operation; candidates=13; distinct_paths=13; representative=current-path-first; omitted=additional calls/paths; raw omitted
chg-00068,019d91d5-35b5-7462-a0aa-9e398b1327fc,2026-04-15T15:59:35.288Z,apply_patch,update-file,v3med_model8_20260415/output/reports/v3med_beamer_report.Rmd,11c72111c8292288348bad54faab8f7dc7d88c81a7926c11e63ec3ec790b4b93,verified-current,aggregation=thread+operation; candidates=10; distinct_paths=7; representative=current-path-first; omitted=additional calls/paths; raw omitted
chg-00069,019d91d5-35b5-7462-a0aa-9e398b1327fc,2026-04-15T16:15:05.961Z,shell_command,analysis-run,v3med_model8_20260415/scripts/python/export_mediation_to_feishu.py,218d58d97115ae11a2963c41570bfc33a522172c19887bac36ea72546be6c721,verified-current,aggregation=thread+operation; candidates=8; distinct_paths=8; representative=current-path-first; omitted=additional calls/paths; raw omitted
chg-00070,019d935f-5035-7551-ab1b-231a44be7e61,2026-04-15T23:16:05.464Z,apply_patch,add-file,.AGENT/agents/proxy-model-reporter.md,60f39f4094cf1a2e65520ef979dffc51a74ca2dd7ce51a12d9c8fb10a893924f,verified-current,aggregation=thread+operation; candidates=10; distinct_paths=8; representative=current-path-first; omitted=additional calls/paths; raw omitted
chg-00071,019d935f-5035-7551-ab1b-231a44be7e61,2026-04-15T23:16:05.464Z,apply_patch,plan-write,quality_reports/plans/2026-04-16_v3proxy_analysis_report_plan.md,3b8a1eb87b56fe56be1cbb0f107b1d66a133eabe9ec81efafdffe00eee0dff94,verified-current,aggregation=thread+operation; candidates=2; distinct_paths=2; representative=current-path-first; omitted=additional calls/paths; raw omitted
chg-00072,019d935f-5035-7551-ab1b-231a44be7e61,2026-04-15T23:20:10.174Z,apply_patch,update-file,output/reports/v3proxy_beamer_report.Rmd,68605c68984b5c3864788928a8fd731ddd2570c694c5abb5d93b425d70e5a4f5,verified-current,aggregation=thread+operation; candidates=8; distinct_paths=5; representative=current-path-first; omitted=additional calls/paths; raw omitted
chg-00073,019d935f-5035-7551-ab1b-231a44be7e61,2026-04-15T23:20:22.021Z,shell_command,analysis-run,scripts/R/v3proxy_plots.R,93085e3bcb6d20ce819ce5fb96e4eb10d8dc145362a0ae0eaa491d6b1fe359cc,verified-current,aggregation=thread+operation; candidates=6; distinct_paths=4; representative=current-path-first; omitted=additional calls/paths; raw omitted
chg-00074,019d935f-5035-7551-ab1b-231a44be7e61,2026-04-16T00:45:47.003Z,apply_patch,delete-observed,output/reports/v3proxy_beamer_report.Rmd,ba75de3312a8d0c458f81e51f4f4fd048e06bb65dbe15e1ef287f4472ac20cb9,verified-current,aggregation=thread+operation; candidates=2; distinct_paths=2; representative=current-path-first; omitted=additional calls/paths; raw omitted; historical-only; no deletion performed
chg-00075,019d935f-5035-7551-ab1b-231a44be7e61,2026-04-16T00:49:33.586Z,shell_command,file-write-command,output/reports/v3proxy_beamer_report.Rmd,06745455021b1eb5a4612a0722f2e21a240a2812d68b757b2ffbd32436bcaa6a,verified-current,aggregation=thread+operation; candidates=1; distinct_paths=1; representative=current-path-first; omitted=additional calls/paths; raw omitted
chg-00076,019daaf0-516e-7060-ae50-132f60936172,2026-04-20T13:04:24.617Z,apply_patch,add-file,quality_reports/2026-04-20_v3bpath_audit_results.md,430be91a1f033e7a3e240686a9e9b7068bc976c4bae2e0e8a650f648abf37f24,verified-current,aggregation=thread+operation; candidates=18; distinct_paths=13; representative=current-path-first; omitted=additional calls/paths; raw omitted
chg-00077,019daaf0-516e-7060-ae50-132f60936172,2026-04-20T13:04:24.617Z,mixed,plan-write,quality_reports/plans/2026-04-20_v3bpath_audit_plan.md,eea06f00f3459073af0842f2e6738659fad64be48c8f542af5048be582f4a28d,verified-current,aggregation=thread+operation; candidates=5; distinct_paths=1; representative=current-path-first; omitted=additional calls/paths; raw omitted
chg-00078,019daaf0-516e-7060-ae50-132f60936172,2026-04-20T13:04:48.084Z,apply_patch,update-file,quality_reports/2026-04-20_v3bpath_audit_results.md,0f9769f9cf72df11132c46c5e733049cea858416d74b5a9512a01a206b011b5c,verified-current,aggregation=thread+operation; candidates=29; distinct_paths=10; representative=current-path-first; omitted=additional calls/paths; raw omitted
chg-00079,019daaf0-516e-7060-ae50-132f60936172,2026-04-20T13:05:30.100Z,shell_command,analysis-run,data/processed/v3_analysis_ready.dta,281e984b2e0d3afa214a4add7f5f97a7c4747dd534026c592b7aa8a4f091e5df,verified-current,aggregation=thread+operation; candidates=2; distinct_paths=2; representative=current-path-first; omitted=additional calls/paths; raw omitted
chg-00080,019daaf0-516e-7060-ae50-132f60936172,2026-04-20T13:17:33.373Z,shell_command,file-write-command,output/logs/v3bpath_run_all.log,3c55acd1b87cf05a445405794c66afc51a0a3283b1379285bb53859a8989266c,verified-current,aggregation=thread+operation; candidates=15; distinct_paths=11; representative=current-path-first; omitted=additional calls/paths; raw omitted
chg-00081,019daaf0-516e-7060-ae50-132f60936172,2026-04-20T13:55:16.149Z,apply_patch,delete-observed,quality_reports/2026-04-20_v3bpath_audit_results.md,6f8963e436f7bd67d0b6905f30fbff0f347f250555f01778c8e0be2a112fa240,verified-current,aggregation=thread+operation; candidates=7; distinct_paths=7; representative=current-path-first; omitted=additional calls/paths; raw omitted; historical-only; no deletion performed
chg-00082,019dae1f-560e-7f42-a587-fd7f1c43d622,2026-04-21T04:00:40.089Z,apply_patch,add-file,scripts/python/v4smstate_build_statevars.py,77c19b43239352cc4bf3d8098fcbc4fe411b183b139f8e4b9fc26afe45f143d8,verified-current,aggregation=thread+operation; candidates=8; distinct_paths=8; representative=current-path-first; omitted=additional calls/paths; raw omitted
chg-00083,019dae1f-560e-7f42-a587-fd7f1c43d622,2026-04-21T04:00:40.089Z,apply_patch,plan-write,quality_reports/plans/2026-04-21_sm_fullseason_distribution_plan.md,fbb3e14528456ee9ac80b70acf2991755ea7ab020693003fe6436d1f890310b2,verified-current,aggregation=thread+operation; candidates=2; distinct_paths=2; representative=current-path-first; omitted=additional calls/paths; raw omitted
chg-00084,019dae1f-560e-7f42-a587-fd7f1c43d622,2026-04-21T04:04:40.181Z,apply_patch,update-file,scripts/python/v4smstate_build_statevars.py,6fe1f8c52edb9d2bcf9dd10a86e8989d94ef2f3459bdc9517b4ca6289cf7f380,verified-current,aggregation=thread+operation; candidates=5; distinct_paths=2; representative=current-path-first; omitted=additional calls/paths; raw omitted
chg-00085,019dae1f-560e-7f42-a587-fd7f1c43d622,2026-04-21T04:04:50.986Z,shell_command,analysis-run,scripts/python/v4smstate_build_statevars.py,38ce4310f3a95873fbe9a1842029a3e1ed8c7c664cc2e4a944bb16659e58f1d8,failed-session,aggregation=thread+operation; candidates=5; distinct_paths=4; representative=current-path-first; omitted=additional calls/paths; raw omitted
chg-00086,019db335-446d-7140-8445-4da55726e898,2026-04-22T04:05:58.585Z,apply_patch,add-file,data_build/scripts/python/gen_data_dictionary.py,6bf7faf247f390a4bc7c7e7cdaead88cbd303505ddf03204063c8b323e496222,verified-current,aggregation=thread+operation; candidates=9; distinct_paths=7; representative=current-path-first; omitted=additional calls/paths; raw omitted
chg-00087,019db335-446d-7140-8445-4da55726e898,2026-04-22T04:05:58.585Z,apply_patch,plan-write,quality_reports/plans/2026-04-22_gleam_sm_rework_execution.md,9a1f68e317fbbb231b5f613b004a766b296e494a095922e267f94b33fa20a5f3,verified-current,aggregation=thread+operation; candidates=3; distinct_paths=3; representative=current-path-first; omitted=additional calls/paths; raw omitted
chg-00088,019db335-446d-7140-8445-4da55726e898,2026-04-22T04:05:58.585Z,apply_patch,update-file,data_build/scripts/python/config.py,180c8dba72df9d956f83575951179f20d28b8caa5c817e43526911a4e9839304,verified-current,aggregation=thread+operation; candidates=21; distinct_paths=10; representative=current-path-first; omitted=additional calls/paths; raw omitted
chg-00089,019db335-446d-7140-8445-4da55726e898,2026-04-22T04:14:18.833Z,apply_patch,delete-observed,data_build/scripts/python/gen_data_dictionary.py,9da601a2c28440dbbe5a7e36435ffd88a9b2552f9058f15074aae311c08e478f,verified-current,aggregation=thread+operation; candidates=3; distinct_paths=3; representative=current-path-first; omitted=additional calls/paths; raw omitted; historical-only; no deletion performed
chg-00090,019db335-446d-7140-8445-4da55726e898,2026-04-22T04:17:02.269Z,shell_command,analysis-run,data_build/scripts/python/gen_data_dictionary.py,c84a4c09e04e93cc53bd9c73ac18192e1955f17a7778488d4e206f638faa6002,verified-current,aggregation=thread+operation; candidates=10; distinct_paths=7; representative=current-path-first; omitted=additional calls/paths; raw omitted
chg-00091,019db335-446d-7140-8445-4da55726e898,2026-04-22T05:30:32.854Z,shell_command,file-write-command,data_build/output/tables/data_dictionary_v3.csv,de5cd5fa95260384ffab41dff24738a707d2d8f14df39a589266b0b385f97c92,verified-current,aggregation=thread+operation; candidates=3; distinct_paths=3; representative=current-path-first; omitted=additional calls/paths; raw omitted
chg-00092,019db408-ee6f-7552-be7e-206e06c45586,2026-04-22T07:15:20.552Z,shell_command,file-write-command,data/processed/v3_analysis_ready.dta,76dd62dfca55971006d486d0bc32d5a8db759642b80d64ca2334c44cb4c4e022,verified-current,aggregation=thread+operation; candidates=17; distinct_paths=17; representative=current-path-first; omitted=additional calls/paths; raw omitted
chg-00093,019db408-ee6f-7552-be7e-206e06c45586,2026-04-22T07:15:33.270Z,shell_command,analysis-run,scripts/python/v6gleambl_build_md_event_sidecar.py,c4cdfcdafe4735eb174ca071c1cc0929ee63127ea44bb442004e7f260651ec0e,verified-current,aggregation=thread+operation; candidates=19; distinct_paths=17; representative=current-path-first; omitted=additional calls/paths; raw omitted
chg-00094,019db408-ee6f-7552-be7e-206e06c45586,2026-04-22T07:33:54.610Z,apply_patch,add-file,scripts/python/v6gleambl_build_md_event_sidecar.py,d93a97c886b1dc85ff01fdf7554ea7a1d8f43f37a76b00514205c88bb58a32e8,verified-current,aggregation=thread+operation; candidates=26; distinct_paths=26; representative=current-path-first; omitted=additional calls/paths; raw omitted
chg-00095,019db408-ee6f-7552-be7e-206e06c45586,2026-04-22T07:33:54.610Z,mixed,plan-write,quality_reports/plans/2026-04-22_v5drymed_drought_only_plan.md,5fb50d5aedf32504b1d817ba0f02190adca9960bbb0761dc9abea0596f2b286a,verified-current,aggregation=thread+operation; candidates=6; distinct_paths=5; representative=current-path-first; omitted=additional calls/paths; raw omitted
chg-00096,019db408-ee6f-7552-be7e-206e06c45586,2026-04-22T07:34:39.898Z,apply_patch,update-file,scripts/stata/v5drymed_macros_include.do,49d415f324723bf2ca56eab023732e13294066c95d4a30d588ac90d61c9a7431,verified-current,aggregation=thread+operation; candidates=20; distinct_paths=11; representative=current-path-first; omitted=additional calls/paths; raw omitted
chg-00097,019db52b-0d8c-78f2-8615-ec811707595c,2026-04-22T12:30:42.891Z,apply_patch,plan-write,quality_reports/plans/2026-04-22_proctor2022_replication_study_plan.md,da31e3d6a76d423d1df784d819cd46cef385fda5c8c9f2cfd9b68b3b86cdce07,verified-current,aggregation=thread+operation; candidates=1; distinct_paths=1; representative=current-path-first; omitted=additional calls/paths; raw omitted
chg-00098,019db730-57a1-7bd1-b648-26bcceb52232,2026-04-22T21:57:35.122Z,apply_patch,plan-write,quality_reports/plans/2026-04-23_spei_phenology_alignment_audit_plan.md,c57319601eb1d95bb7b063cd61edfb755101bebaeaf8808f010ae416a53079f3,verified-current,aggregation=thread+operation; candidates=1; distinct_paths=1; representative=current-path-first; omitted=additional calls/paths; raw omitted
chg-00099,019db408-ee6f-7552-be7e-206e06c45586,2026-04-22T23:57:06.432Z,apply_patch,delete-observed,scripts/stata/v6gleambl_heatctrl_step0_preamble.do,2d6b35b2058afde3b41c26f227157f356cc3d78184ff1b68d56dfcc6ad1ec733,verified-current,aggregation=thread+operation; candidates=4; distinct_paths=4; representative=current-path-first; omitted=additional calls/paths; raw omitted; historical-only; no deletion performed
chg-00100,019e3914-25b3-71a0-a21e-f6784d19bc84,2026-05-18T03:30:12.592Z,apply_patch,add-file,docs/GGCP10_HARVAREA_BRANCH.md,3f577a86822b7d2205408888640a2a09b7d7e05ac4337ee9262c23c187240ece,verified-current,aggregation=thread+operation; candidates=55; distinct_paths=49; representative=current-path-first; omitted=additional calls/paths; raw omitted
chg-00101,019e3914-25b3-71a0-a21e-f6784d19bc84,2026-05-18T03:30:12.592Z,apply_patch,plan-write,quality_reports/plans/2026-05-18_ggcp10_fullfamily_feishu_report.md,dbd0997c7ed1d4434b5f5c128bc45f01a3c808e8c2e654f312acb364603d869b,verified-current,aggregation=thread+operation; candidates=5; distinct_paths=3; representative=current-path-first; omitted=additional calls/paths; raw omitted
chg-00102,019e3914-25b3-71a0-a21e-f6784d19bc84,2026-05-18T03:30:12.592Z,apply_patch,update-file,docs/DATA_SOURCES.md,176bcc82bbc11477d4d2d69d51048adf786f91e9e63c229f8c40ba8bac8ce090,observed-unverified,aggregation=thread+operation; candidates=54; distinct_paths=32; representative=current-path-first; omitted=additional calls/paths; raw omitted
chg-00103,019e3914-25b3-71a0-a21e-f6784d19bc84,2026-05-18T10:11:40.047Z,shell_command,analysis-run,scripts/R/ggcp10_mediation_extensions_make_figures.R,21257f7d38335b9b0c25fa77060d959ec5771e6c0c33cf9a66d0dc03ed00aa7c,verified-current,aggregation=thread+operation; candidates=14; distinct_paths=9; representative=current-path-first; omitted=additional calls/paths; raw omitted
chg-00104,019e3914-25b3-71a0-a21e-f6784d19bc84,2026-05-18T10:45:58.100Z,shell_command,file-write-command,scripts/python.exe,73b30d846b8308e77da4af0cde0f9b7d809a16e612ed894f24e621487f09d0fe,historical-path-missing,aggregation=thread+operation; candidates=18; distinct_paths=18; representative=current-path-first; omitted=additional calls/paths; raw omitted
chg-00105,019e3914-25b3-71a0-a21e-f6784d19bc84,2026-05-18T14:39:43.523Z,apply_patch,delete-observed,scripts/python/ggcp10_fullfamily_feishu_report.py,2e1f08427cb6b14cb0d86f8535b2276d5c3201eb7cc909aca00828d832944351,verified-current,aggregation=thread+operation; candidates=2; distinct_paths=2; representative=current-path-first; omitted=additional calls/paths; raw omitted; historical-only; no deletion performed
chg-00106,019e8232-1440-7883-a5b0-886929fa2ae2,2026-06-01T08:13:10.311Z,shell_command,file-write-command,project-worktree,25c23eb44f316148a380ef2e24bc45c915f8c7f776dfc2dc1f2f843508ddfcef,verified-session,aggregation=thread+operation; candidates=2; distinct_paths=1; representative=current-path-first; omitted=additional calls/paths; raw omitted
chg-00107,019e8232-1440-7883-a5b0-886929fa2ae2,2026-06-01T08:13:59.241Z,apply_patch,add-file,external-artifact,4ebe652a5e6ba852460b86268c8846c8b4b6743771a6af1cfb5f2ca7fa93a103,verified-session,aggregation=thread+operation; candidates=1; distinct_paths=1; representative=current-path-first; omitted=additional calls/paths; raw omitted
chg-00108,019e3914-25b3-71a0-a21e-f6784d19bc84,2026-06-02T10:44:02.940Z,apply_patch,handoff-write,quality_reports/handoffs/2026-06-02_ggcp10_mediation_extensions_handoff.md,a941487dcee7f7872bf9972488dd936c30311360f8f108a920fa7c0241fa0617,verified-current,aggregation=thread+operation; candidates=1; distinct_paths=1; representative=current-path-first; omitted=additional calls/paths; raw omitted
chg-00109,019e884d-0a81-7b71-b40f-61dd29272dbc,2026-06-02T13:48:14.685Z,apply_patch,add-file,quality_reports/2026-06-03_equation_coefficient_completion_inventory.md,c9329987cec524dd3ed68cd6b48629baac7291acf6c57af0303c845c4b2f4db4,verified-current,aggregation=thread+operation; candidates=34; distinct_paths=33; representative=current-path-first; omitted=additional calls/paths; raw omitted
chg-00110,019e884d-0a81-7b71-b40f-61dd29272dbc,2026-06-02T13:48:41.363Z,apply_patch,update-file,output/figures/f4_b067_v2/figure_captions.md,3d01e24b6bf70cde22bd2bad3f73e6201e4cd12bb50996705d708dbbf91362a5,verified-current,aggregation=thread+operation; candidates=41; distinct_paths=19; representative=current-path-first; omitted=additional calls/paths; raw omitted
chg-00111,019e884d-0a81-7b71-b40f-61dd29272dbc,2026-06-02T14:08:02.469Z,shell_command,analysis-run,scripts/python/bio_window_filter_128.py,267913a1bcf89995e84d0387d93a61aa89e40b408a2d43e3465f7d518f4fadd2,verified-current,aggregation=thread+operation; candidates=26; distinct_paths=21; representative=current-path-first; omitted=additional calls/paths; raw omitted
chg-00112,019e884d-0a81-7b71-b40f-61dd29272dbc,2026-06-02T14:23:17.335Z,shell_command,file-write-command,output/figures,c5d1c4f8aacd5e469411bfdef950e01a349fd14f136cb67d8467002b7d205656,verified-current,aggregation=thread+operation; candidates=39; distinct_paths=16; representative=current-path-first; omitted=additional calls/paths; raw omitted
chg-00113,019e884d-0a81-7b71-b40f-61dd29272dbc,2026-06-03T12:34:57.616Z,apply_patch,plan-write,quality_reports/plans/2026-06-03_single_hazard_grouped_windows_plan.md,e5441e2895a7cedd1061f0f88f197b505a2f2ae89c7be4af86b24707a62ac6b0,verified-current,aggregation=thread+operation; candidates=5; distinct_paths=5; representative=current-path-first; omitted=additional calls/paths; raw omitted
chg-00114,019e884d-0a81-7b71-b40f-61dd29272dbc,2026-06-04T05:44:57.478Z,apply_patch,delete-observed,scripts/R/plot_f4_b067_coefficient_figures.R,7d6fe9630e75929007d5daef5e04cf931e5e8bc463534d5611be55f7c57d6491,verified-current,aggregation=thread+operation; candidates=1; distinct_paths=1; representative=current-path-first; omitted=additional calls/paths; raw omitted; historical-only; no deletion performed
chg-00115,019eb245-b21e-7d10-8cdf-0034d66c5472,2026-06-10T16:03:28.266Z,shell_command,analysis-run,scripts/env/g185_ml_env.ps1,b2b99487109eeddd6a70c2f323561a0c418193af36a882ea95ae8e4e0301ba07,verified-current,aggregation=thread+operation; candidates=88; distinct_paths=14; representative=current-path-first; omitted=additional calls/paths; raw omitted
chg-00116,019eb245-b21e-7d10-8cdf-0034d66c5472,2026-06-10T16:10:07.487Z,apply_patch,plan-write,quality_reports/plans/2026-06-11_candidate_storylines_from_zotero_plan.md,c341928bb9d95adb6b5b402a14532ffbaaaaba5e7ed391e8994cadd4d8d7c492,verified-current,aggregation=thread+operation; candidates=31; distinct_paths=22; representative=current-path-first; omitted=additional calls/paths; raw omitted
chg-00117,019eb245-b21e-7d10-8cdf-0034d66c5472,2026-06-10T16:22:50.172Z,apply_patch,add-file,quality_reports/2026-06-11_candidate_storylines_from_zotero.md,79b52f7dcb4cf4cba8027317725251949363297d19c986bbc4410d22bcc9820a,verified-current,aggregation=thread+operation; candidates=40; distinct_paths=40; representative=current-path-first; omitted=additional calls/paths; raw omitted
chg-00118,019eb27a-8167-7f12-b75b-756c65bce6ba,2026-06-10T17:09:05.573Z,apply_patch,plan-write,quality_reports/plans/2026-06-11_ars_codex_project_setup.md,623756ac315d55917a7c7fb0af64a2d4f7d5bdd82593aca1c36c6f54562b58c2,verified-current,aggregation=thread+operation; candidates=1; distinct_paths=1; representative=current-path-first; omitted=additional calls/paths; raw omitted
chg-00119,019eb27a-8167-7f12-b75b-756c65bce6ba,2026-06-10T17:09:25.990Z,shell_command,analysis-run,scripts/install-skill-from-github.py,60deed3fbeb6f77b2839202ee0584958856c18ba857b70ea514490c5178e4c41,historical-path-missing,aggregation=thread+operation; candidates=1; distinct_paths=1; representative=current-path-first; omitted=additional calls/paths; raw omitted
chg-00120,019eb245-b21e-7d10-8cdf-0034d66c5472,2026-06-10T17:46:31.144Z,apply_patch,update-file,AGENTS.md,f90278c6c798961126823459977132c3c191dbe695d695f4085b6a5b39fc639c,verified-current,aggregation=thread+operation; candidates=52; distinct_paths=20; representative=current-path-first; omitted=additional calls/paths; raw omitted
chg-00121,019eb245-b21e-7d10-8cdf-0034d66c5472,2026-06-11T07:50:33.379Z,shell_command,file-write-command,README.md,4062c08366d7878a6c2a2d0783ba90e406aeb547a1f92efcabffe94f04ecede0,verified-current,aggregation=thread+operation; candidates=30; distinct_paths=22; representative=current-path-first; omitted=additional calls/paths; raw omitted
chg-00122,019ec602-f8f9-7650-ac8a-21695b4e377b,2026-06-14T12:06:49.618Z,apply_patch,add-file,output/apps/sr_research_dashboard_demo/index.html,7149407d87c4ec2dab8863b045c42eec59565e6af755d0428bf7eebbe63b6309,verified-current,aggregation=thread+operation; candidates=4; distinct_paths=4; representative=current-path-first; omitted=additional calls/paths; raw omitted
chg-00123,019ec602-f8f9-7650-ac8a-21695b4e377b,2026-06-14T12:06:49.618Z,apply_patch,plan-write,quality_reports/plans/2026-06-14_feishu_doc_base_examples_plan.md,55ed0ef292564d367a83872ad88aa37bdde238b5cda9d1b2e5b12ef404b7f84e,verified-current,aggregation=thread+operation; candidates=2; distinct_paths=2; representative=current-path-first; omitted=additional calls/paths; raw omitted
chg-00124,019ec602-f8f9-7650-ac8a-21695b4e377b,2026-06-14T12:16:53.191Z,apply_patch,update-file,output/feishu_examples/sr_research_overview.xml,66321433002b20a07b575252665d8842a8026890647e0515476c458b28d21d38,verified-current,aggregation=thread+operation; candidates=1; distinct_paths=1; representative=current-path-first; omitted=additional calls/paths; raw omitted
chg-00125,019ed98d-c46b-7ac0-a29c-92684069e4e7,2026-06-18T07:10:58.979Z,shell_command,analysis-run,scripts/zotero.py,2a49fa7cb79ea026c53c77f9998568e20ff7ce2395a70e55463c55c7341b9065,historical-path-missing,aggregation=thread+operation; candidates=15; distinct_paths=1; representative=current-path-first; omitted=additional calls/paths; raw omitted
chg-00126,019ed98d-c46b-7ac0-a29c-92684069e4e7,2026-06-18T07:11:48.866Z,apply_patch,plan-write,quality_reports/plans/2026-06-18_zotero_literature_reclassification_plan.md,18e72673513813ca7a434ac38ee2acd6d77b9f525286ae9789db146b2badb327,verified-current,aggregation=thread+operation; candidates=1; distinct_paths=1; representative=current-path-first; omitted=additional calls/paths; raw omitted
chg-00127,019ed98d-c46b-7ac0-a29c-92684069e4e7,2026-06-18T07:21:12.156Z,shell_command,file-write-command,quality_reports/literature/2026-06-18_candidate_verification.json,1b186c1fe3c68c6437ac75ddf4f250ea48455aa1b1a48686d661787cc5194490,verified-current,aggregation=thread+operation; candidates=4; distinct_paths=4; representative=current-path-first; omitted=additional calls/paths; raw omitted
chg-00128,019ed98d-c46b-7ac0-a29c-92684069e4e7,2026-06-18T07:24:57.031Z,apply_patch,add-file,quality_reports/literature/2026-06-18_zotero_direct_write_completion.md,619b705f84b8411900d544ed381bff23a50f5f118c3c4d26acd3324805f6133e,verified-current,aggregation=thread+operation; candidates=1; distinct_paths=1; representative=current-path-first; omitted=additional calls/paths; raw omitted
chg-00129,019edfe8-7738-71b2-a9eb-11daad0104d2,2026-06-19T12:44:13.725Z,shell_command,analysis-run,scripts/build_fallback_urls.py,3d93177dd217a26d2441d3fa28eb0ccad1a7606a49271082e5af9ad0615c45c5,historical-path-missing,aggregation=thread+operation; candidates=6; distinct_paths=2; representative=current-path-first; omitted=additional calls/paths; raw omitted
chg-00130,019ee0c7-d2b1-7151-b884-ea0a1f7fdffd,2026-06-19T16:48:29.818Z,shell_command,analysis-run,scripts/zotero.py,cee66bcdeca0e4457101af7cae631834bf4baa798c332ef5625363e16c1ad193,historical-path-missing,aggregation=thread+operation; candidates=6; distinct_paths=1; representative=current-path-first; omitted=additional calls/paths; raw omitted
chg-00131,019ee0d2-67dc-7882-93f2-8d2a0b8b88c5,2026-06-19T16:59:55.261Z,shell_command,analysis-run,scripts/zotero.py,2a49fa7cb79ea026c53c77f9998568e20ff7ce2395a70e55463c55c7341b9065,historical-path-missing,aggregation=thread+operation; candidates=3; distinct_paths=1; representative=current-path-first; omitted=additional calls/paths; raw omitted
chg-00132,019ee0d2-6412-7ed0-88ef-ae7200eb6028,2026-06-19T17:00:10.856Z,shell_command,analysis-run,scripts/zotero.py,f03b15e0aaa99cc55c865e92562c24eb39ef03da89522be106bcfe2b8d35f141,historical-path-missing,aggregation=thread+operation; candidates=1; distinct_paths=1; representative=current-path-first; omitted=additional calls/paths; raw omitted
chg-00133,019ee0d2-656a-7a02-90f1-0b2f5216c78e,2026-06-19T17:00:14.744Z,shell_command,analysis-run,scripts/zotero.py,2a49fa7cb79ea026c53c77f9998568e20ff7ce2395a70e55463c55c7341b9065,historical-path-missing,aggregation=thread+operation; candidates=9; distinct_paths=1; representative=current-path-first; omitted=additional calls/paths; raw omitted
chg-00134,019ee0d2-64c6-73c2-86f9-b994a44cb79a,2026-06-19T17:00:20.221Z,shell_command,analysis-run,scripts/zotero.py,2a49fa7cb79ea026c53c77f9998568e20ff7ce2395a70e55463c55c7341b9065,historical-path-missing,aggregation=thread+operation; candidates=1; distinct_paths=1; representative=current-path-first; omitted=additional calls/paths; raw omitted
chg-00135,019ee20f-cb16-7af2-a99f-87c8e8fc5275,2026-06-19T22:46:39.683Z,apply_patch,plan-write,quality_reports/plans/2026-06-20_method_comparison_and_zotero_import_plan.md,a1fbd6ee0b41de3edd0059e6bf66987306373c97df4ae923a4126dfb5f93540d,verified-current,aggregation=thread+operation; candidates=3; distinct_paths=3; representative=current-path-first; omitted=additional calls/paths; raw omitted
chg-00136,019ee20f-cb16-7af2-a99f-87c8e8fc5275,2026-06-19T22:46:49.644Z,shell_command,analysis-run,scripts/install-skill-from-github.py,d95c5f9d7637ce86a215ee0fbf12bbb6749ffd398b873cfcc1dfe016371b9db3,historical-path-missing,aggregation=thread+operation; candidates=51; distinct_paths=2; representative=current-path-first; omitted=additional calls/paths; raw omitted
chg-00137,019ee20f-cb16-7af2-a99f-87c8e8fc5275,2026-06-19T22:50:25.595Z,apply_patch,add-file,quality_reports/agent_runs/2026-06-20_high_impact_journal_method_supplement.md,00283c0b038561555341c3236bf93faf4c31d2e7c9c4bac3ec7eb03674b63c6a,verified-current,aggregation=thread+operation; candidates=5; distinct_paths=5; representative=current-path-first; omitted=additional calls/paths; raw omitted
chg-00138,019ee20f-cb16-7af2-a99f-87c8e8fc5275,2026-06-19T23:26:02.500Z,shell_command,file-write-command,project-worktree,71e331c0898e7aaa21111b59b2a94e1193be3666e48042815fa963ffa0f714d8,verified-session,aggregation=thread+operation; candidates=2; distinct_paths=1; representative=current-path-first; omitted=additional calls/paths; raw omitted
chg-00139,019ee20f-cb16-7af2-a99f-87c8e8fc5275,2026-06-19T23:28:11.784Z,apply_patch,update-file,quality_reports/agent_runs/2026-06-20_method_comparison_original_vs_new.md,9129cf7d6bbf18b05edcb8cc7702e3f60cff0f2b87de64bc334fbbee93d96dfa,verified-current,aggregation=thread+operation; candidates=3; distinct_paths=3; representative=current-path-first; omitted=additional calls/paths; raw omitted
chg-00140,019ee3ae-01ed-7171-a5f0-535a3b57ac20,2026-06-20T06:27:47.441Z,apply_patch,add-file,scripts/python/build_g185_nature_style_html.py,ef3a04ab4dcfe01ec03ba5e09b547ad09c640c9f6525c6c7de48acb5a416212f,verified-current,aggregation=thread+operation; candidates=1; distinct_paths=1; representative=current-path-first; omitted=additional calls/paths; raw omitted
chg-00141,019ee3ae-01ed-7171-a5f0-535a3b57ac20,2026-06-20T06:27:47.441Z,apply_patch,plan-write,quality_reports/plans/2026-06-20_g185_nature_style_html_plan.md,ef3a04ab4dcfe01ec03ba5e09b547ad09c640c9f6525c6c7de48acb5a416212f,verified-current,aggregation=thread+operation; candidates=1; distinct_paths=1; representative=current-path-first; omitted=additional calls/paths; raw omitted
chg-00142,019ee3ae-01ed-7171-a5f0-535a3b57ac20,2026-06-20T06:28:02.355Z,shell_command,analysis-run,scripts/python/build_g185_nature_style_html.py,5e86d0eef4b31179309a7bf62c42bce93679b3d0dc2cd9a24443e05fc53f06be,verified-current,aggregation=thread+operation; candidates=13; distinct_paths=2; representative=current-path-first; omitted=additional calls/paths; raw omitted
chg-00143,019ee3ae-01ed-7171-a5f0-535a3b57ac20,2026-06-20T06:28:56.594Z,apply_patch,update-file,scripts/python/build_g185_nature_style_html.py,cbe1433f47ae89d69bb28525ccd7e54c5859a468ec6cfdaec1ea14875739287b,verified-current,aggregation=thread+operation; candidates=1; distinct_paths=1; representative=current-path-first; omitted=additional calls/paths; raw omitted
chg-00144,019eb245-b21e-7d10-8cdf-0034d66c5472,2026-06-20T18:37:46.920Z,apply_patch,handoff-write,quality_reports/handoffs/2026-06-21_g185_method_upgrade_report_handoff.md,f90278c6c798961126823459977132c3c191dbe695d695f4085b6a5b39fc639c,verified-current,aggregation=thread+operation; candidates=2; distinct_paths=1; representative=current-path-first; omitted=additional calls/paths; raw omitted
chg-00145,019ee65b-340f-7293-a148-7bf9fedd66c0,2026-06-20T18:47:46.664Z,shell_command,analysis-run,scripts/data_analytics_preflight.py,44ebd260da9fdac5e5337231e5a3b2a686098d0555ff4e0f0b67e3086475a560,historical-path-missing,aggregation=thread+operation; candidates=3; distinct_paths=1; representative=current-path-first; omitted=additional calls/paths; raw omitted
chg-00146,019ee65b-340f-7293-a148-7bf9fedd66c0,2026-06-20T18:51:22.631Z,apply_patch,plan-write,quality_reports/plans/2026-06-21_g185_response_surface_v3_execution_plan.md,d6cfbeafd2cb80c1f7b85aefbb5549a67013246b1e1a89cd7d019bd2487efa79,verified-current,aggregation=thread+operation; candidates=6; distinct_paths=5; representative=current-path-first; omitted=additional calls/paths; raw omitted
chg-00147,019ee65b-340f-7293-a148-7bf9fedd66c0,2026-06-20T18:52:05.420Z,apply_patch,add-file,quality_reports/agent_runs/2026-06-24_g185_old_story_plot_data_bundle/README.md,d41c4c5f1f58fce6762759b92c9690ad5e6511337ffa5368457d6eabb1632157,verified-current,aggregation=thread+operation; candidates=18; distinct_paths=18; representative=current-path-first; omitted=additional calls/paths; raw omitted
chg-00148,019ee65b-340f-7293-a148-7bf9fedd66c0,2026-06-20T19:00:48.371Z,apply_patch,update-file,scripts/python/export_g185_region_specific_irrigation_boundary.py,f3e6e09db3c2e2e49b65262d98af811830f8094112d70bead719d3461f6176e7,verified-current,aggregation=thread+operation; candidates=8; distinct_paths=5; representative=current-path-first; omitted=additional calls/paths; raw omitted
chg-00149,019ee65b-340f-7293-a148-7bf9fedd66c0,2026-06-24T08:34:32.221Z,shell_command,file-write-command,quality_reports/agent_runs/2026-06-20_g185_draft_bootstrap_v1,07c291c5560b26c1e68741dd89080f444693fbb7cf3c734adcee62632881b0d0,failed-session,aggregation=thread+operation; candidates=9; distinct_paths=9; representative=current-path-first; omitted=additional calls/paths; raw omitted
