thread_id,parent_thread_id,source_type,started_at,ended_at,scope_reason,canonical_ids,decision_summary,evidence_level,raw_committed
019cb2e6-85fb-7cc1-97c0-ccf544316a6c,,legacy-user,2026-03-03T08:52:57.983Z,2026-03-03T08:56:53.387Z,included:exact-project-cwd,,文献管理或研究检索支持；未形成分析版本节点。,two-source-supported,false
019cb2ed-e71a-7b73-8aae-b60202f55998,,legacy-user,2026-03-03T09:01:01.597Z,2026-03-04T01:21:05.206Z,included:exact-project-cwd,design-2026-02,列示版本的项目任务或核验记录；仅保留脱敏关联，未将晚于该对话日期的版本节点回填为历史证据。,two-source-supported,false
019cf584-4269-7b42-bce6-41d6cd53ae25,,legacy-user,2026-03-16T07:20:11.631Z,2026-03-16T08:11:31.114Z,included:exact-project-cwd,,Git/GitHub 管理、仓库结构或版本治理任务。,two-source-supported,false
019d157f-642e-7f01-8c7e-160d88108588,,legacy-user,2026-03-22T12:22:43.507Z,2026-03-22T12:56:02.754Z,included:exact-project-cwd,data-v1;data-v1-county-city,数据版本构建、变量映射、样本口径或谱系核验。,two-source-supported,false
019d2a6f-b76f-7640-b293-854467324495,,legacy-user,2026-03-26T13:57:37.782Z,2026-03-26T15:00:40.862Z,excluded:context-only-reference,,跨项目任务仅因注入上下文或历史工具输出出现项目路径；不作为版本谱系证据。,not-evidence,false
019d3c7a-ac0c-75f2-81f0-2941bb2d5786,,legacy-user,2026-03-30T02:02:45.650Z,2026-03-30T02:20:21.603Z,included:exact-project-cwd,,Git/GitHub 管理、仓库结构或版本治理任务。,two-source-supported,false
019d3c8b-a43c-7372-9817-81d9a87bdaa4,,legacy-user,2026-03-30T02:21:17.761Z,2026-03-30T02:29:54.967Z,included:exact-project-cwd,,Git/GitHub 管理、仓库结构或版本治理任务。,two-source-supported,false
019d3c96-c6f0-7fe0-8bba-cb8ee97c357e,,legacy-user,2026-03-30T02:33:27.540Z,2026-03-30T02:36:59.648Z,included:explicit-user-reference,,项目内技术任务；未发现可稳定归入既有 canonical ID 的版本决策。,two-source-supported,false
019d3cd7-dacc-7be1-997a-2e14a6750c27,,legacy-user,2026-03-30T03:44:32.466Z,2026-03-30T04:13:42.127Z,included:exact-project-cwd,data-v1;data-v2;report-v4,列示版本的项目任务或核验记录；仅保留脱敏关联，未将晚于该对话日期的版本节点回填为历史证据。,two-source-supported,false
019d3d7b-5333-77e0-98b3-4fa969fe8633,,legacy-user,2026-03-30T06:43:05.657Z,2026-03-30T13:00:01.961Z,included:project-subdir-cwd,data-v2;report-v4,列示版本的项目任务或核验记录；仅保留脱敏关联，未将晚于该对话日期的版本节点回填为历史证据。,two-source-supported,false
019d3ed4-7d77-7bb1-9165-361c1d66473f,019d3d7b-5333-77e0-98b3-4fa969fe8633,legacy-user,2026-03-30T13:00:06.396Z,2026-03-31T10:58:43.584Z,included:project-subdir-cwd,data-v2;report-v4,列示版本的项目任务或核验记录；仅保留脱敏关联，未将晚于该对话日期的版本节点回填为历史证据。,two-source-supported,false
019d65ba-d2f2-71a1-b7b5-7d287d93ba5b,,legacy-user,2026-04-07T02:17:15.768Z,2026-04-07T02:48:24.553Z,included:exact-project-cwd,,项目支持或治理任务；未形成可按现存文件、代码或日志交叉核验的版本节点。,two-source-supported,false
019d6728-c6a4-7301-81a1-6de3a20491e2,,legacy-user,2026-04-07T08:56:58.793Z,2026-04-07T12:21:47.247Z,included:exact-project-cwd,data-v2,列示版本的项目任务或核验记录；仅保留脱敏关联，未将晚于该对话日期的版本节点回填为历史证据。,two-source-supported,false
019d6739-944c-7c02-8430-6101e53a4e11,,legacy-user,2026-04-07T09:15:20.018Z,2026-04-07T09:31:46.244Z,included:exact-project-cwd,,项目内技术任务；未发现可稳定归入既有 canonical ID 的版本决策。,two-source-supported,false
019d6740-9170-7aa1-9f1c-b796e37ac3b1,,legacy-user,2026-04-07T09:22:58.037Z,2026-04-07T09:24:24.381Z,included:exact-project-cwd,,项目内技术任务；未发现可稳定归入既有 canonical ID 的版本决策。,two-source-supported,false
019d67f9-cc39-7e20-b71b-f6b66a5ebd06,,legacy-user,2026-04-07T12:45:17.249Z,2026-04-15T12:49:18.902Z,included:exact-project-cwd,analysis-v2;analysis-v3decomp;analysis-v3prhd;analysis-v3prhdsm;analysis-v3sub;data-v2;report-v4,列示版本的项目任务或核验记录；仅保留脱敏关联，未将晚于该对话日期的版本节点回填为历史证据。,two-source-supported,false
019d6825-0ea5-7110-836c-436e25facd1c,,legacy-user,2026-04-07T13:32:32.298Z,2026-04-07T13:34:06.419Z,included:exact-project-cwd,,Git/GitHub 管理、仓库结构或版本治理任务。,two-source-supported,false
019d6875-ea4e-7c52-adf5-df61eb5c95d3,,legacy-user,2026-04-07T15:00:51.411Z,2026-04-07T15:05:55.992Z,included:exact-project-cwd,,Git/GitHub 管理、仓库结构或版本治理任务。,two-source-supported,false
019d8c5c-9810-7a73-823c-fd614dcf92ac,,legacy-user,2026-04-14T14:19:31.761Z,2026-04-14T14:21:13.434Z,included:exact-project-cwd,,Git/GitHub 管理、仓库结构或版本治理任务。,two-source-supported,false
019d904f-5282-7b01-8c09-058c22579b38,,legacy-user,2026-04-15T08:43:30.846Z,2026-04-15T09:15:53.926Z,included:exact-project-cwd,analysis-v3prhd;analysis-v3prhdsm;data-v1,列示版本的项目任务或核验记录；仅保留脱敏关联，未将晚于该对话日期的版本节点回填为历史证据。,two-source-supported,false
019d91d5-35b5-7462-a0aa-9e398b1327fc,,legacy-user,2026-04-15T15:49:22.524Z,2026-04-15T17:33:06.731Z,included:exact-project-cwd,analysis-v3decomp;analysis-v3med-model8;analysis-v3sub,列示版本的项目任务或核验记录；仅保留脱敏关联，未将晚于该对话日期的版本节点回填为历史证据。,two-source-supported,false
019d935f-5035-7551-ab1b-231a44be7e61,,legacy-user,2026-04-15T22:59:50.480Z,2026-04-16T01:30:25.906Z,included:exact-project-cwd,analysis-v3med-model8;analysis-v3prhd;analysis-v3prhdsm;analysis-v3proxy,列示版本的项目任务或核验记录；仅保留脱敏关联，未将晚于该对话日期的版本节点回填为历史证据。,two-source-supported,false
019daaf0-516e-7060-ae50-132f60936172,,legacy-user,2026-04-20T12:49:29.499Z,2026-04-20T23:23:59.373Z,included:exact-project-cwd,analysis-v3bpath;analysis-v3decomp;analysis-v3med-model8;analysis-v3prhd;analysis-v3prhdsm;analysis-v3proxy;analysis-v3sub;mechanism-v4smstate,列示版本的项目任务或核验记录；仅保留脱敏关联，未将晚于该对话日期的版本节点回填为历史证据。,two-source-supported,false
019dae1f-560e-7f42-a587-fd7f1c43d622,,legacy-user,2026-04-21T03:39:42.503Z,2026-04-21T04:39:54.874Z,included:exact-project-cwd,analysis-v3bpath;analysis-v3prhd;analysis-v3prhdsm;analysis-v3proxy;data-v1;mechanism-v4smstate,列示版本的项目任务或核验记录；仅保留脱敏关联，未将晚于该对话日期的版本节点回填为历史证据。,two-source-supported,false
019db335-446d-7140-8445-4da55726e898,,legacy-user,2026-04-22T03:21:45.857Z,2026-04-22T17:01:09.939Z,included:exact-project-cwd,data-v1;data-v3-main;data-v3-phenowindows;mechanism-v4smstate;mechanism-v6gleambl,列示版本的项目任务或核验记录；仅保留脱敏关联，未将晚于该对话日期的版本节点回填为历史证据。,two-source-supported,false
019db408-ee6f-7552-be7e-206e06c45586,,legacy-user,2026-04-22T07:12:57.477Z,2026-04-23T00:04:42.502Z,included:exact-project-cwd,analysis-v3bpath;analysis-v3med-model8;analysis-v3prhd;analysis-v3prhdsm;analysis-v3sub;data-v3-main;mechanism-v4smstate;mechanism-v5drymed;mechanism-v6gleambl,列示版本的项目任务或核验记录；仅保留脱敏关联，未将晚于该对话日期的版本节点回填为历史证据。,two-source-supported,false
019db52b-0d8c-78f2-8615-ec811707595c,,legacy-user,2026-04-22T12:29:50.883Z,2026-04-22T12:43:10.318Z,included:exact-project-cwd,,土壤水分变量、数据或机制设计审计。,two-source-supported,false
019db730-57a1-7bd1-b648-26bcceb52232,,legacy-user,2026-04-22T21:54:51.967Z,2026-04-22T22:01:21.497Z,included:exact-project-cwd,,项目内技术任务；未发现可稳定归入既有 canonical ID 的版本决策。,two-source-supported,false
019db858-951b-70b3-b532-b96eb5a8ff77,,legacy-user,2026-04-23T03:18:26.365Z,2026-04-23T04:22:36.383Z,excluded:context-only-reference,,跨项目任务仅因注入上下文或历史工具输出出现项目路径；不作为版本谱系证据。,not-evidence,false
019ded7c-98b5-7a21-a326-25aabab80ff2,,legacy-user,2026-05-03T10:57:39.037Z,2026-06-02T11:39:59.796Z,excluded:context-only-reference,,跨项目任务仅因注入上下文或历史工具输出出现项目路径；不作为版本谱系证据。,not-evidence,false
019e015a-7c29-7f20-b89e-406352b678bb,,legacy-user,2026-05-07T07:32:47.818Z,2026-05-07T07:56:53.098Z,excluded:context-only-reference,,跨项目任务仅因注入上下文或历史工具输出出现项目路径；不作为版本谱系证据。,not-evidence,false
019e0169-7794-7092-91c9-cea50a325e56,,legacy-user,2026-05-07T07:49:09.693Z,2026-05-07T07:52:42.401Z,excluded:context-only-reference,,跨项目任务仅因注入上下文或历史工具输出出现项目路径；不作为版本谱系证据。,not-evidence,false
019e0d25-35d2-79a2-b9b4-ed9a074a855d,,legacy-user,2026-05-09T14:30:02.962Z,2026-05-09T14:42:16.882Z,excluded:context-only-reference,,跨项目任务仅因注入上下文或历史工具输出出现项目路径；不作为版本谱系证据。,not-evidence,false
019e2752-f28c-7ea2-8d4d-568a3eb7ce1a,,legacy-user,2026-05-14T16:30:08.012Z,2026-05-15T08:12:10.877Z,excluded:context-only-reference,,跨项目任务仅因注入上下文或历史工具输出出现项目路径；不作为版本谱系证据。,not-evidence,false
019e2a74-4d69-7b83-a411-deb34deeaddb,,legacy-user,2026-05-15T07:05:25.609Z,2026-05-15T07:14:36.060Z,excluded:context-only-reference,,跨项目任务仅因注入上下文或历史工具输出出现项目路径；不作为版本谱系证据。,not-evidence,false
019e2ab2-bf93-7160-b8cb-307e3a973085,,legacy-user,2026-05-15T08:13:38.067Z,2026-05-15T08:48:15.445Z,excluded:context-only-reference,,跨项目任务仅因注入上下文或历史工具输出出现项目路径；不作为版本谱系证据。,not-evidence,false
019e2b68-f17f-7b52-8ca3-a8ff4f955934,,legacy-user,2026-05-15T11:32:38.399Z,2026-05-15T17:20:36.357Z,excluded:context-only-reference,,跨项目任务仅因注入上下文或历史工具输出出现项目路径；不作为版本谱系证据。,not-evidence,false
019e38da-b845-7d72-a4fc-4114074bf4a5,,user,2026-05-18T02:11:58.661Z,2026-05-18T02:27:20.409Z,included:exact-project-cwd,,项目内技术任务；未发现可稳定归入既有 canonical ID 的版本决策。,two-source-supported,false
019e38dc-de94-7243-8b9f-91fd94ac876f,,subagent,2026-05-18T02:14:19.540Z,2026-05-18T02:14:30.864Z,included:exact-project-cwd,,Git/GitHub 管理、仓库结构或版本治理任务。,single-source-inferred,false
019e3906-9fd5-7fb0-bd11-92feac00a2d6,,user,2026-05-18T02:59:55.989Z,2026-05-22T14:37:43.661Z,excluded:context-only-reference,,跨项目任务仅因注入上下文或历史工具输出出现项目路径；不作为版本谱系证据。,not-evidence,false
019e3914-25b3-71a0-a21e-f6784d19bc84,,user,2026-05-18T03:14:42.227Z,2026-06-02T10:45:12.852Z,included:exact-project-cwd,analysis-ggcp10-baseline-suite;analysis-v3bpath;analysis-v3med-model8;analysis-v3prhd;analysis-v3prhdsm;analysis-v3sub;area-ggcp10-aggregated;area-ggcp10-harvarea;data-v1;data-v1-county-city;data-v2;data-v3-main;ggcp10-mediation-ext;mechanism-v4smstate;mechanism-v5drymed;mechanism-v6gleambl,列示版本的项目任务或核验记录；仅保留脱敏关联，未将晚于该对话日期的版本节点回填为历史证据。,two-source-supported,false
019e3916-9a57-76f2-95a2-aef5a2f36c9e,,subagent,2026-05-18T03:17:23.159Z,2026-05-18T03:20:35.567Z,excluded:context-only-reference,,跨项目任务仅因注入上下文或历史工具输出出现项目路径；不作为版本谱系证据。,not-evidence,false
019e391e-ba51-7061-85bf-7bec3ead27f8,,subagent,2026-05-18T03:26:15.633Z,2026-05-18T03:26:27.103Z,included:exact-project-cwd,analysis-v3med-model8;analysis-v3proxy;area-ggcp10-harvarea;data-v1;data-v1-county-city;data-v2;data-v3-main;data-v3-phenowindows;mechanism-v4smstate;mechanism-v6gleambl,列示版本的项目任务或核验记录；仅保留脱敏关联，未将晚于该对话日期的版本节点回填为历史证据。,single-source-inferred,false
019e3aa1-9b80-7861-b2e8-44c8fa13e075,,subagent,2026-05-18T10:28:50.177Z,2026-05-18T10:29:02.698Z,included:exact-project-cwd,analysis-ggcp10-baseline-suite;area-ggcp10-aggregated;area-ggcp10-harvarea;data-v3-main;mechanism-v4smstate;mechanism-v6gleambl,列示版本的项目任务或核验记录；仅保留脱敏关联，未将晚于该对话日期的版本节点回填为历史证据。,single-source-inferred,false
019e3b57-b745-7eb1-8d72-65c4ccb6718f,,subagent,2026-05-18T13:47:44.837Z,2026-05-18T14:58:29.949Z,included:exact-project-cwd,analysis-ggcp10-baseline-suite;analysis-v2;analysis-v3bpath;analysis-v3med-model8;analysis-v3prhd;analysis-v3proxy;area-ggcp10-aggregated;area-ggcp10-harvarea;data-v1-county-city;data-v3-main;data-v3-phenowindows;mechanism-v4smstate;mechanism-v5drymed;mechanism-v6gleambl,列示版本的项目任务或核验记录；仅保留脱敏关联，未将晚于该对话日期的版本节点回填为历史证据。,single-source-inferred,false
019e3df0-9321-7622-9863-506b7f7143e6,,user,2026-05-19T01:53:57.026Z,2026-05-19T01:59:36.899Z,included:exact-project-cwd,analysis-ggcp10-baseline-suite;analysis-v3sub;area-ggcp10-aggregated;area-ggcp10-harvarea;ggcp10-mediation-ext;mechanism-v5drymed,列示版本的项目任务或核验记录；仅保留脱敏关联，未将晚于该对话日期的版本节点回填为历史证据。,two-source-supported,false
019e4b4e-67b4-78a2-b62b-f2ea6f851181,,user,2026-05-21T16:11:30.100Z,2026-05-21T22:23:44.241Z,excluded:context-only-reference,,跨项目任务仅因注入上下文或历史工具输出出现项目路径；不作为版本谱系证据。,not-evidence,false
019e4d80-aa95-7f20-a920-4bec5ba666b3,,user,2026-05-22T02:25:38.453Z,2026-05-22T14:34:48.006Z,excluded:context-only-reference,,跨项目任务仅因注入上下文或历史工具输出出现项目路径；不作为版本谱系证据。,not-evidence,false
019e4e6f-9137-7070-8bc3-b4a4c7559da6,,user,2026-05-22T06:46:35.064Z,2026-05-22T08:53:48.675Z,excluded:context-only-reference,,跨项目任务仅因注入上下文或历史工具输出出现项目路径；不作为版本谱系证据。,not-evidence,false
019e4f07-52f1-73d3-ad74-8138d6d436d7,,user,2026-05-22T09:32:20.593Z,2026-05-22T09:35:59.314Z,excluded:context-only-reference,,跨项目任务仅因注入上下文或历史工具输出出现项目路径；不作为版本谱系证据。,not-evidence,false
019e5021-8f91-7123-9eba-7585001923ed,,user,2026-05-22T14:40:37.266Z,2026-05-22T15:23:24.091Z,excluded:context-only-reference,,跨项目任务仅因注入上下文或历史工具输出出现项目路径；不作为版本谱系证据。,not-evidence,false
019e5a16-da49-7061-b5df-cf5ffbcfac1e,,user,2026-05-24T13:05:07.658Z,2026-05-24T13:10:40.906Z,excluded:context-only-reference,,跨项目任务仅因注入上下文或历史工具输出出现项目路径；不作为版本谱系证据。,not-evidence,false
019e5a25-86ba-76d3-8578-db248bc67e32,,user,2026-05-24T13:21:09.307Z,2026-05-25T06:54:50.461Z,excluded:context-only-reference,,跨项目任务仅因注入上下文或历史工具输出出现项目路径；不作为版本谱系证据。,not-evidence,false
019e6246-dafc-7210-9b00-3ca58be36dd1,,user,2026-05-26T03:14:31.293Z,2026-05-26T03:34:21.821Z,excluded:context-only-reference,,跨项目任务仅因注入上下文或历史工具输出出现项目路径；不作为版本谱系证据。,not-evidence,false
019e64fb-91fb-7c31-ba04-7e2685a168e4,,user,2026-05-26T15:51:09.052Z,2026-05-26T16:09:19.822Z,excluded:context-only-reference,,跨项目任务仅因注入上下文或历史工具输出出现项目路径；不作为版本谱系证据。,not-evidence,false
019e6a5c-0c06-7e61-b527-33fe0c57a295,,user,2026-05-27T16:54:37.831Z,2026-05-28T02:26:21.120Z,excluded:context-only-reference,,跨项目任务仅因注入上下文或历史工具输出出现项目路径；不作为版本谱系证据。,not-evidence,false
019e796e-dae3-7681-8e8a-7c0e817dac9f,,legacy-user,2026-05-30T15:09:28.676Z,2026-05-30T15:11:31.938Z,excluded:context-only-reference,,跨项目任务仅因注入上下文或历史工具输出出现项目路径；不作为版本谱系证据。,not-evidence,false
019e8232-1440-7883-a5b0-886929fa2ae2,,user,2026-06-01T07:59:40.609Z,2026-06-01T08:14:50.178Z,included:exact-project-cwd,,项目内技术任务；未发现可稳定归入既有 canonical ID 的版本决策。,two-source-supported,false
019e8637-07d2-7321-a45f-c9f3895dd3fd,,user,2026-06-02T02:43:35.596Z,2026-06-02T04:01:13.171Z,excluded:context-only-reference,,跨项目任务仅因注入上下文或历史工具输出出现项目路径；不作为版本谱系证据。,not-evidence,false
019e884b-1009-7843-b711-d6012099e289,,user,2026-06-02T12:24:41.226Z,2026-06-02T12:26:39.936Z,included:project-tool-operation,area-ggcp10-harvarea;ggcp10-mediation-ext,GGCP10 harvested-area 数据构建、基线套件或样本审计。,two-source-supported,false
019e884d-0a81-7b71-b40f-61dd29272dbc,,user,2026-06-02T12:26:50.882Z,2026-06-04T10:54:11.626Z,included:exact-project-cwd,analysis-ggcp10-baseline-suite;area-ggcp10-aggregated;area-ggcp10-harvarea;data-v1;data-v3-main;ggcp10-mediation-ext;mechanism-v5drymed;mechanism-v6gleambl;scale-b067-g195,列示版本的项目任务或核验记录；仅保留脱敏关联，未将晚于该对话日期的版本节点回填为历史证据。,two-source-supported,false
019e932f-9a02-7f61-a01c-864611666049,,user,2026-06-04T15:10:30.915Z,2026-06-04T17:22:01.739Z,excluded:context-only-reference,,跨项目任务仅因注入上下文或历史工具输出出现项目路径；不作为版本谱系证据。,not-evidence,false
019ea028-a925-71c1-8965-76cb5ca0b141,,user,2026-06-07T03:37:59.846Z,2026-06-23T09:43:48.208Z,excluded:context-only-reference,,跨项目任务仅因注入上下文或历史工具输出出现项目路径；不作为版本谱系证据。,not-evidence,false
019ea115-91b4-7193-9aa3-dae5d5ae6db0,,user,2026-06-07T07:56:45.876Z,2026-06-07T07:57:40.768Z,excluded:context-only-reference,,跨项目任务仅因注入上下文或历史工具输出出现项目路径；不作为版本谱系证据。,not-evidence,false
019eb245-b21e-7d10-8cdf-0034d66c5472,,user,2026-06-10T16:02:52.575Z,2026-06-20T18:38:59.220Z,included:exact-project-cwd,analysis-ggcp10-baseline-suite;analysis-v2;analysis-v3bpath;analysis-v3sub;area-ggcp10-aggregated;area-ggcp10-harvarea;area-ggcp10-point-sample;data-v1;data-v3-main;g185-draft-bootstrap-v1;g185-method-upgrade;g185-response-surface-v3;ggcp10-mediation-ext;mechanism-v4smstate;scale-b067-g195;scale-g049;scale-g057;scale-g185;scale-search-region-first,列示版本的项目任务或核验记录；仅保留脱敏关联，未将晚于该对话日期的版本节点回填为历史证据。,two-source-supported,false
019eb27a-8167-7f12-b75b-756c65bce6ba,,user,2026-06-10T17:00:33.512Z,2026-06-10T17:12:40.967Z,included:exact-project-cwd,,Git/GitHub 管理、仓库结构或版本治理任务。,two-source-supported,false
019ebace-2224-73a3-8424-546d2596e938,,user,2026-06-12T07:48:51.877Z,2026-06-12T17:42:18.015Z,excluded:context-only-reference,,跨项目任务仅因注入上下文或历史工具输出出现项目路径；不作为版本谱系证据。,not-evidence,false
019ebcc8-03d8-7fe3-9329-dab27f7dcddf,,user,2026-06-12T17:01:25.337Z,2026-06-12T17:11:25.745Z,excluded:context-only-reference,,跨项目任务仅因注入上下文或历史工具输出出现项目路径；不作为版本谱系证据。,not-evidence,false
019ec4f1-6c11-7252-b5de-fabe6563fbba,,user,2026-06-14T07:03:36.722Z,2026-06-14T12:02:15.183Z,excluded:context-only-reference,,跨项目任务仅因注入上下文或历史工具输出出现项目路径；不作为版本谱系证据。,not-evidence,false
019ec602-f8f9-7650-ac8a-21695b4e377b,,user,2026-06-14T12:02:24.122Z,2026-06-14T12:17:54.782Z,included:exact-project-cwd,area-ggcp10-harvarea;mechanism-v4smstate;scale-b067-g195;scale-g049,GGCP10 候选尺度搜索、区域优先选择或样本规则核验。,two-source-supported,false
019ec6c9-7802-7953-9711-33183c3dfae0,,user,2026-06-14T15:39:17.785Z,2026-06-14T16:05:24.924Z,included:project-tool-operation,,Git/GitHub 管理、仓库结构或版本治理任务。,two-source-supported,false
019ecfcd-82d3-7f42-90c2-faf09525eefe,,user,2026-06-16T09:40:13.853Z,2026-06-16T09:40:27.313Z,excluded:context-only-reference,,跨项目任务仅因注入上下文或历史工具输出出现项目路径；不作为版本谱系证据。,not-evidence,false
019ed590-0ee3-7433-8498-39f71a53f946,,user,2026-06-17T12:30:48.548Z,2026-06-18T07:04:15.710Z,included:explicit-user-reference,area-ggcp10-harvarea,GGCP10 harvested-area 数据构建、基线套件或样本审计。,two-source-supported,false
019ed590-d668-7be3-a610-5cecb46ceee5,019ed590-0ee3-7433-8498-39f71a53f946,subagent,2026-06-17T12:31:39.625Z,2026-06-17T12:34:40.438Z,included:linked-subagent,scale-b067-g195,GGCP10 候选尺度搜索、区域优先选择或样本规则核验。,two-source-supported,false
019ed590-d8d5-7713-a242-970755a9b31f,019ed590-0ee3-7433-8498-39f71a53f946,subagent,2026-06-17T12:31:40.247Z,2026-06-17T12:34:44.421Z,included:project-tool-operation,,Git/GitHub 管理、仓库结构或版本治理任务。,two-source-supported,false
019ed590-db98-7db0-8f86-e0b717876b36,019ed590-0ee3-7433-8498-39f71a53f946,subagent,2026-06-17T12:31:40.953Z,2026-06-17T12:33:01.183Z,included:linked-subagent,area-ggcp10-harvarea,GGCP10 harvested-area 数据构建、基线套件或样本审计。,two-source-supported,false
019ed98d-c46b-7ac0-a29c-92684069e4e7,,user,2026-06-18T07:06:47.276Z,2026-06-18T07:25:11.046Z,included:exact-project-cwd,area-ggcp10-harvarea;mechanism-v4smstate,GGCP10 harvested-area 数据构建、基线套件或样本审计。,two-source-supported,false
019ed9bf-6e97-7c01-a976-60970c225f8c,,user,2026-06-18T08:01:02.105Z,2026-06-18T08:07:22.660Z,excluded:context-only-reference,,跨项目任务仅因注入上下文或历史工具输出出现项目路径；不作为版本谱系证据。,not-evidence,false
019edfe8-7738-71b2-a9eb-11daad0104d2,019eb245-b21e-7d10-8cdf-0034d66c5472,subagent,2026-06-19T12:43:34.585Z,2026-06-19T12:48:39.354Z,included:exact-project-cwd,area-ggcp10-harvarea,GGCP10 harvested-area 数据构建、基线套件或样本审计。,two-source-supported,false
019edfe8-7888-7c90-9d27-11bc9dfc85b4,019eb245-b21e-7d10-8cdf-0034d66c5472,subagent,2026-06-19T12:43:34.920Z,2026-06-19T12:48:50.695Z,included:exact-project-cwd,area-ggcp10-harvarea;scale-b067-g195;scale-g057;scale-g185;scale-search-region-first,列示版本的项目任务或核验记录；仅保留脱敏关联，未将晚于该对话日期的版本节点回填为历史证据。,two-source-supported,false
019edfe8-7a0c-7161-ba49-3eb94df051f6,019eb245-b21e-7d10-8cdf-0034d66c5472,subagent,2026-06-19T12:43:35.309Z,2026-06-19T12:49:15.934Z,included:exact-project-cwd,analysis-ggcp10-baseline-suite;area-ggcp10-aggregated;area-ggcp10-harvarea;data-v1;scale-b067-g195;scale-g057;scale-g185;scale-search-region-first,列示版本的项目任务或核验记录；仅保留脱敏关联，未将晚于该对话日期的版本节点回填为历史证据。,two-source-supported,false
019edfe8-7bd3-7c82-80c7-cc16dfd1ea92,019eb245-b21e-7d10-8cdf-0034d66c5472,subagent,2026-06-19T12:43:35.764Z,2026-06-19T12:47:51.838Z,included:exact-project-cwd,area-ggcp10-harvarea;scale-b067-g195;scale-g049;scale-g057;scale-g185;scale-search-region-first,GGCP10 候选尺度搜索、区域优先选择或样本规则核验。,two-source-supported,false
019ee019-e031-76f2-8885-2004ba9dce4f,019eb245-b21e-7d10-8cdf-0034d66c5472,subagent,2026-06-19T13:37:32.722Z,2026-06-19T13:42:12.695Z,included:exact-project-cwd,scale-b067-g195;scale-g049;scale-g057;scale-g185;scale-search-region-first,GGCP10 候选尺度搜索、区域优先选择或样本规则核验。,two-source-supported,false
019ee019-e0cd-7313-891f-470d3d9f404e,019eb245-b21e-7d10-8cdf-0034d66c5472,subagent,2026-06-19T13:37:32.878Z,2026-06-19T13:42:02.521Z,included:exact-project-cwd,area-ggcp10-harvarea;scale-b067-g195;scale-g057;scale-g185,列示版本的项目任务或核验记录；仅保留脱敏关联，未将晚于该对话日期的版本节点回填为历史证据。,two-source-supported,false
019ee019-e166-7fa2-836a-53f0c941e341,019eb245-b21e-7d10-8cdf-0034d66c5472,subagent,2026-06-19T13:37:33.031Z,2026-06-19T13:41:32.777Z,included:exact-project-cwd,scale-b067-g195;scale-g049;scale-g057;scale-g185;scale-search-region-first,GGCP10 候选尺度搜索、区域优先选择或样本规则核验。,two-source-supported,false
019ee019-e2b9-7a60-81b8-388669a75ed3,019eb245-b21e-7d10-8cdf-0034d66c5472,subagent,2026-06-19T13:37:33.370Z,2026-06-19T13:44:59.062Z,included:exact-project-cwd,area-ggcp10-harvarea;ggcp10-mediation-ext;scale-b067-g195;scale-g049;scale-g057;scale-g185;scale-search-region-first,GGCP10 候选尺度搜索、区域优先选择或样本规则核验。,two-source-supported,false
019ee0c7-8b6c-7a52-8b22-21c8eaa6263d,019eb245-b21e-7d10-8cdf-0034d66c5472,subagent,2026-06-19T16:47:14.285Z,2026-06-19T16:50:34.178Z,included:exact-project-cwd,area-ggcp10-harvarea;scale-b067-g195;scale-g049;scale-g057;scale-g185;scale-search-region-first,GGCP10 候选尺度搜索、区域优先选择或样本规则核验。,two-source-supported,false
019ee0c7-b387-7ba0-8481-218de04aa4ac,019eb245-b21e-7d10-8cdf-0034d66c5472,subagent,2026-06-19T16:47:24.552Z,2026-06-19T16:51:04.718Z,included:exact-project-cwd,area-ggcp10-harvarea;scale-b067-g195;scale-g057;scale-g185;scale-search-region-first,GGCP10 候选尺度搜索、区域优先选择或样本规则核验。,two-source-supported,false
019ee0c7-d2b1-7151-b884-ea0a1f7fdffd,019eb245-b21e-7d10-8cdf-0034d66c5472,subagent,2026-06-19T16:47:32.529Z,2026-06-19T16:51:51.243Z,included:exact-project-cwd,scale-b067-g195;scale-g057;scale-g185;scale-search-region-first,GGCP10 候选尺度搜索、区域优先选择或样本规则核验。,two-source-supported,false
019ee0c7-fa99-7f20-9adc-7662e88541c5,019eb245-b21e-7d10-8cdf-0034d66c5472,subagent,2026-06-19T16:47:42.746Z,2026-06-19T16:50:50.969Z,included:exact-project-cwd,area-ggcp10-harvarea;scale-b067-g195;scale-g049;scale-g057;scale-g185;scale-search-region-first,GGCP10 候选尺度搜索、区域优先选择或样本规则核验。,two-source-supported,false
019ee0d2-6412-7ed0-88ef-ae7200eb6028,019eb245-b21e-7d10-8cdf-0034d66c5472,subagent,2026-06-19T16:59:05.107Z,2026-06-19T17:02:50.168Z,included:exact-project-cwd,scale-b067-g195;scale-g057;scale-g185;scale-search-region-first,GGCP10 候选尺度搜索、区域优先选择或样本规则核验。,two-source-supported,false
019ee0d2-64c6-73c2-86f9-b994a44cb79a,019eb245-b21e-7d10-8cdf-0034d66c5472,subagent,2026-06-19T16:59:05.287Z,2026-06-19T17:02:52.064Z,included:exact-project-cwd,area-ggcp10-harvarea;scale-b067-g195;scale-g057;scale-g185;scale-search-region-first,GGCP10 候选尺度搜索、区域优先选择或样本规则核验。,two-source-supported,false
019ee0d2-656a-7a02-90f1-0b2f5216c78e,019eb245-b21e-7d10-8cdf-0034d66c5472,subagent,2026-06-19T16:59:05.452Z,2026-06-19T17:06:57.133Z,included:exact-project-cwd,scale-b067-g195;scale-g057;scale-g185,GGCP10 候选尺度搜索、区域优先选择或样本规则核验。,two-source-supported,false
019ee0d2-6614-7f90-a784-5c92f936ed7c,019eb245-b21e-7d10-8cdf-0034d66c5472,subagent,2026-06-19T16:59:05.621Z,2026-06-19T17:04:19.595Z,included:exact-project-cwd,area-ggcp10-harvarea;scale-b067-g195;scale-g057;scale-g185;scale-search-region-first,GGCP10 候选尺度搜索、区域优先选择或样本规则核验。,two-source-supported,false
019ee0d2-6712-7972-9a52-1ce197fe902b,019eb245-b21e-7d10-8cdf-0034d66c5472,subagent,2026-06-19T16:59:05.875Z,2026-06-19T17:03:36.339Z,included:exact-project-cwd,scale-b067-g195;scale-g057;scale-g185,GGCP10 候选尺度搜索、区域优先选择或样本规则核验。,two-source-supported,false
019ee0d2-67dc-7882-93f2-8d2a0b8b88c5,019eb245-b21e-7d10-8cdf-0034d66c5472,subagent,2026-06-19T16:59:06.078Z,2026-06-19T17:03:40.225Z,included:exact-project-cwd,area-ggcp10-harvarea;scale-b067-g195;scale-g057;scale-g185;scale-search-region-first,GGCP10 候选尺度搜索、区域优先选择或样本规则核验。,two-source-supported,false
019ee0d6-5a12-73d1-8188-e36ed2c732f4,019eb245-b21e-7d10-8cdf-0034d66c5472,subagent,2026-06-19T17:03:24.691Z,2026-06-19T17:07:51.820Z,included:exact-project-cwd,scale-g049,GGCP10 候选尺度搜索、区域优先选择或样本规则核验。,two-source-supported,false
019ee0d6-5ac1-7923-b1d1-eba0374a12b0,019eb245-b21e-7d10-8cdf-0034d66c5472,subagent,2026-06-19T17:03:24.866Z,2026-06-19T17:07:55.469Z,included:exact-project-cwd,area-ggcp10-harvarea;scale-search-region-first,GGCP10 候选尺度搜索、区域优先选择或样本规则核验。,two-source-supported,false
019ee0d9-fe1e-7571-a061-e7c3dde8f08e,019eb245-b21e-7d10-8cdf-0034d66c5472,subagent,2026-06-19T17:07:23.296Z,2026-06-19T17:11:19.011Z,included:exact-project-cwd,,文献管理或研究检索支持；未形成分析版本节点。,two-source-supported,false
019ee0d9-fef8-7282-b3e6-eac61d98d682,019eb245-b21e-7d10-8cdf-0034d66c5472,subagent,2026-06-19T17:07:23.513Z,2026-06-19T17:12:50.845Z,included:exact-project-cwd,,文献管理或研究检索支持；未形成分析版本节点。,two-source-supported,false
019ee0d9-ffc5-7022-b3e1-4ffab5b03345,019eb245-b21e-7d10-8cdf-0034d66c5472,subagent,2026-06-19T17:07:23.718Z,2026-06-19T17:11:56.917Z,included:exact-project-cwd,scale-search-region-first,GGCP10 候选尺度搜索、区域优先选择或样本规则核验。,two-source-supported,false
019ee0da-00a3-7e80-9043-9de25da10e7f,019eb245-b21e-7d10-8cdf-0034d66c5472,subagent,2026-06-19T17:07:23.940Z,2026-06-19T17:11:19.518Z,included:exact-project-cwd,area-ggcp10-harvarea,GGCP10 harvested-area 数据构建、基线套件或样本审计。,two-source-supported,false
019ee0df-55a5-70c3-8014-8c160af1b82c,019eb245-b21e-7d10-8cdf-0034d66c5472,subagent,2026-06-19T17:13:13.381Z,2026-06-19T17:21:49.254Z,included:exact-project-cwd,area-ggcp10-harvarea;scale-b067-g195;scale-g049;scale-g057;scale-g185;scale-search-region-first,GGCP10 候选尺度搜索、区域优先选择或样本规则核验。,two-source-supported,false
019ee109-bb28-7d61-bea2-6a17a6c7437b,019eb245-b21e-7d10-8cdf-0034d66c5472,subagent,2026-06-19T17:59:31.881Z,2026-06-19T18:04:33.641Z,included:exact-project-cwd,analysis-ggcp10-baseline-suite;area-ggcp10-aggregated;area-ggcp10-harvarea;data-v3-main;g185-draft-bootstrap-v1;scale-g057;scale-g185;scale-search-region-first,G185 draft-bootstrap 运行、结果整理或证据核验。,two-source-supported,false
019ee109-d730-72c3-aff7-2e0a7874273b,019eb245-b21e-7d10-8cdf-0034d66c5472,subagent,2026-06-19T17:59:39.057Z,2026-06-19T18:04:39.526Z,included:exact-project-cwd,area-ggcp10-harvarea;scale-g185;scale-search-region-first,GGCP10 候选尺度搜索、区域优先选择或样本规则核验。,two-source-supported,false
019ee112-552c-7f51-bac7-b3b3f3699185,019eb245-b21e-7d10-8cdf-0034d66c5472,subagent,2026-06-19T18:08:55.596Z,2026-06-19T18:24:11.983Z,included:exact-project-cwd,area-ggcp10-harvarea;g185-draft-bootstrap-v1;scale-b067-g195;scale-g049;scale-g057;scale-g185;scale-search-region-first,G185 draft-bootstrap 运行、结果整理或证据核验。,two-source-supported,false
019ee20f-cb16-7af2-a99f-87c8e8fc5275,,user,2026-06-19T22:45:46.391Z,2026-06-20T04:27:08.206Z,included:exact-project-cwd,area-ggcp10-harvarea;g185-draft-bootstrap-v1;g185-method-upgrade;scale-g057;scale-g185;scale-search-region-first,列示版本的项目任务或核验记录；仅保留脱敏关联，未将晚于该对话日期的版本节点回填为历史证据。,two-source-supported,false
019ee3ae-01ed-7171-a5f0-535a3b57ac20,,user,2026-06-20T06:18:12.334Z,2026-06-20T15:05:32.964Z,included:exact-project-cwd,area-ggcp10-harvarea;g185-draft-bootstrap-v1;g185-method-upgrade;scale-g057;scale-g185;scale-search-region-first,列示版本的项目任务或核验记录；仅保留脱敏关联，未将晚于该对话日期的版本节点回填为历史证据。,two-source-supported,false
019ee65b-340f-7293-a148-7bf9fedd66c0,,user,2026-06-20T18:46:37.328Z,2026-07-09T19:27:48.979Z,included:exact-project-cwd,analysis-ggcp10-baseline-suite;area-ggcp10-aggregated;area-ggcp10-harvarea;data-v1;data-v2;data-v2-analysis-ready;data-v3-main;g185-draft-bootstrap-v1;g185-method-upgrade;g185-old-method-corrected;g185-region-irrigation-boundary;g185-response-surface-v3;ggcp10-mediation-ext;mechanism-v4smstate;report-v4;report-v6.1;scale-g049;scale-g057;scale-g185;scale-search-region-first,G185 旧方法区域 IE/DE/TE 组件的更正、重绘或证据核验。,two-source-supported,false
019ee8f4-bd03-7af1-8978-940fd475d485,,user,2026-06-21T06:53:33.828Z,2026-06-21T10:48:23.288Z,excluded:context-only-reference,,跨项目任务仅因注入上下文或历史工具输出出现项目路径；不作为版本谱系证据。,not-evidence,false
019ef49f-cf2e-7dc0-9a45-ea5317f67243,,user,2026-06-23T13:16:14.511Z,2026-06-23T13:22:39.884Z,excluded:context-only-reference,,跨项目任务仅因注入上下文或历史工具输出出现项目路径；不作为版本谱系证据。,not-evidence,false
019f0977-50b1-7c42-a550-4e6353bfba51,,user,2026-06-27T14:24:02.226Z,2026-06-27T14:35:38.326Z,excluded:context-only-reference,,跨项目任务仅因注入上下文或历史工具输出出现项目路径；不作为版本谱系证据。,not-evidence,false
019f0ce2-581a-72b1-a76f-3fba689bded6,,user,2026-06-28T06:19:48.124Z,2026-06-28T06:42:29.758Z,excluded:context-only-reference,,跨项目任务仅因注入上下文或历史工具输出出现项目路径；不作为版本谱系证据。,not-evidence,false
019f31f3-ad5e-7da2-af5a-bb423e9f577d,,user,2026-07-05T11:04:41.055Z,2026-07-05T12:04:11.310Z,excluded:context-only-reference,,跨项目任务仅因注入上下文或历史工具输出出现项目路径；不作为版本谱系证据。,not-evidence,false
019f3c1f-06c0-7bf2-838b-0d7784c0ccdd,,user,2026-07-07T10:28:14.145Z,2026-07-07T10:56:52.599Z,excluded:context-only-reference,,跨项目任务仅因注入上下文或历史工具输出出现项目路径；不作为版本谱系证据。,not-evidence,false
019f3c44-995e-7970-912d-7967bec9becc,,user,2026-07-07T11:09:16.511Z,2026-07-07T13:34:35.594Z,excluded:context-only-reference,,跨项目任务仅因注入上下文或历史工具输出出现项目路径；不作为版本谱系证据。,not-evidence,false
019f485b-9517-76d1-a1c7-61588e44cfe5,,user,2026-07-09T19:29:49.336Z,2026-07-09T19:46:30.205Z,included:exact-project-cwd,analysis-ggcp10-baseline-suite;analysis-v2;analysis-v3;analysis-v3-modules;analysis-v3bpath;analysis-v3decomp;analysis-v3med-model8;analysis-v3prhd;analysis-v3prhdsm;analysis-v3proxy;analysis-v3sub;area-ggcp10-aggregated;area-ggcp10-harvarea;area-ggcp10-point-sample;data-v1;data-v1-county-city;data-v1-locked-panel;data-v2;data-v2-main-post-spei-fix;data-v2-main-pre-spei-fix;data-v3-expanded;data-v3-main;design-2026-02;g185-draft-bootstrap-v1;g185-method-upgrade;g185-old-method-corrected;g185-region-irrigation-boundary;g185-response-surface-v3;ggcp10-mediation-ext;mechanism-v4smstate;mechanism-v5drymed;mechanism-v6gleambl;report-v1;report-v2;report-v3;report-v4;report-v5;report-v6.1;scale-b067-g195;scale-g049;scale-g057;scale-g185;scale-search-region-first,列示版本的项目任务或核验记录；仅保留脱敏关联，未将晚于该对话日期的版本节点回填为历史证据。,two-source-supported,false
019f485c-3afe-70f2-9d52-12c88ce87eaa,019f485b-9517-76d1-a1c7-61588e44cfe5,subagent,2026-07-09T19:30:31.807Z,2026-07-09T19:41:00.322Z,included:exact-project-cwd,analysis-v3bpath;analysis-v3med-model8;analysis-v3prhd;analysis-v3prhdsm;area-ggcp10-aggregated;area-ggcp10-harvarea;g185-old-method-corrected;mechanism-v6gleambl;scale-g185,G185 旧方法区域 IE/DE/TE 组件的更正、重绘或证据核验。,two-source-supported,false
019f485c-582e-7101-9bdc-5a999b8ed87e,019f485b-9517-76d1-a1c7-61588e44cfe5,subagent,2026-07-09T19:30:39.279Z,2026-07-09T19:39:11.047Z,included:exact-project-cwd,analysis-ggcp10-baseline-suite;analysis-v2;analysis-v3bpath;analysis-v3decomp;analysis-v3prhd;analysis-v3prhdsm;analysis-v3proxy;analysis-v3sub;area-ggcp10-aggregated;area-ggcp10-harvarea;data-v1;data-v3-main;g185-draft-bootstrap-v1;g185-method-upgrade;g185-old-method-corrected;g185-response-surface-v3;ggcp10-mediation-ext;mechanism-v4smstate;mechanism-v5drymed;mechanism-v6gleambl;report-v2;report-v3;report-v4;report-v5;report-v6.1;scale-b067-g195;scale-g049;scale-g057;scale-g185;scale-search-region-first,G185 旧方法区域 IE/DE/TE 组件的更正、重绘或证据核验。,two-source-supported,false
019f485c-6db6-7d03-baeb-1aa913758407,019f485b-9517-76d1-a1c7-61588e44cfe5,subagent,2026-07-09T19:30:44.791Z,2026-07-09T19:42:38.197Z,included:exact-project-cwd,analysis-ggcp10-baseline-suite;analysis-v3decomp;analysis-v3med-model8;analysis-v3prhd;analysis-v3prhdsm;area-ggcp10-aggregated;area-ggcp10-harvarea;data-v1;data-v2;data-v3-main;g185-method-upgrade;g185-old-method-corrected;g185-response-surface-v3;ggcp10-mediation-ext;scale-g185,G185 旧方法区域 IE/DE/TE 组件的更正、重绘或证据核验。,two-source-supported,false
