"canonical_id","display_name","namespace","version_kind","date_start","date_updated","first_evidence_date","result_run_date","interpretation_updated_at","status","current_truth_role","lineage_confidence","parent_id","supersedes_ids","context_ids","main_change","data_change","method_change","result_presentation_change","current_use","evidence_visibility","public_evidence_paths","notes"
"design-2026-02","RR research blueprint 2026-02-10","design","design_document","2026-02-10","","2026-02-10","","","design_only","design_reference","three-source-confirmed","","","","Recorded the pre-analysis research blueprint without treating it as an implemented method","未生成或锁定分析数据；仅引用研究设想中的潜在数据类型；不把蓝图日期推定为数据构建日期","未执行估计；仅列出候选研究问题和方法方向；无固定效应、聚类、bootstrap或seed的可验证运行","载体为本地PDF研究蓝图；属于design-only参考；不作为实证结果或当前结论","Historical design context","local","local://RR_blueprints20260210.pdf","Design evidence only; it does not establish a dataset build or empirical run"
"report-v1","Complete report v1","report","report_version","2026-03-13","","2026-03-13","2026-03-13","","historical","historical_framework","single-source-inferred","","","","Combined Steps 1-7 baseline FE, placebo, SM attenuation, heterogeneity, DML and sensitivity","使用外部V1 69038行、143列grid-year面板；沿用V1 yield_tons_ha定义；未建立独立数据快照","汇总grid/year FE基准、placebo、SM attenuation、异质性、DML和敏感性；默认grid聚类；各脚本seed按项目规则为42","载体为complete_report.Rmd；首次综合Steps 1-7；仅作历史框架且v1编号由后续序列反推","Historical framework","local","local://output/reports/complete_report.Rmd","The v1 label is inferred from the later report sequence"
"report-v2","Complete report v2","report","report_version","2026-03-13","","2026-03-13","2026-03-13","","superseded","historical_qa","two-source-supported","report-v1","report-v1","","Added Step 7B, LOPO, winsorization, nonlinear checks, leave-year-out and Oster","相对report-v1继续使用外部V1面板；数据口径未发生已验证改变；没有新的冻结样本","在既有FE主线增加LOPO、winsorization、非线性、leave-year-out、Oster和Step 7B；不改变核心estimand","载体变为complete_report_v2.Rmd；扩充QA和稳健性章节；已被后续报告版取代","Historical QA","local","local://output/reports/complete_report_v2.Rmd","Pre-Git parent relation is reconstructed"
"report-v3","Complete report v3","report","report_version","2026-03-17","","2026-03-17","2026-03-17","","superseded","historical_framework","two-source-supported","report-v2","report-v2","","Reframed mechanism evidence around a-path, attenuation, bootstrap or Sobel and dose response","继续使用V1面板；未发现相对report-v2的独立数据构建；样本口径仍由各脚本决定","把机制叙述组织为a-path、attenuation、bootstrap或Sobel和dose response；当时仍采用历史中介措辞","载体为complete_report_v3.Rmd；机制章节成为主要叙事；其因果中介措辞已被后续代数组件口径取代","Historical framework only","local","local://output/reports/complete_report_v3.Rmd","Not analysis-v3 or data-v3-expanded"
"report-v4","Complete report v4","report","report_version","2026-03-17","","2026-03-17","2026-03-17","","historical","historical_compound_framework","two-source-supported","report-v3","report-v3","","Shifted the main framing to D by H compound stress and SR by D by H","继续使用V1面板；增加D、H及其复合暴露的分析变量；未改变基础outcome定义","主estimand转为D×H超加性损失及SR×D×H斜率修饰；grid/year FE与grid聚类为主体；加入joint-stress诊断","载体为complete_report_v4.Rmd和analysis_specification.md；主叙事从单通道机制转为联合胁迫；保留为历史框架","Historical compound-stress framework","mixed","local://output/reports/complete_report_v4.Rmd|repo://docs/analysis_specification.md","Does not replace current G185 entries"
"report-v5","Complete report v5","report","report_version","2026-03-22","","2026-03-22","2026-03-22","","superseded","historical_framework","two-source-supported","report-v4","report-v4","data-v1-locked-panel","Locked the Phase 0 sample and added exposure frequency, support bounds, non-monotonicity and D-H corner interpretation","改用2026-03-22生成的V1 county-city enriched locked panel；Phase 0样本通过analysis_main_sample.dta冻结；新增county/city标识","在report-v4联合胁迫框架上增加支持区间、暴露频率、非单调性和D-H corner诊断；部分规格使用county/year FE","载体为complete_report_v5.Rmd；明确锁样本和边界解释；后被report-v6.1取代","Historical framework","local","local://output/reports/complete_report_v5.Rmd","A report label and not mechanism-v5drymed"
"report-v6.1","Complete report v6.1","report","report_version","2026-03-23","","2026-03-23","2026-03-23","","historical_latest","historical_report_latest","two-source-supported","report-v5","report-v5","data-v1-locked-panel","Repositioned SM as a state variable and added Mundlak, conditioning sets, irrigation and two-equation decomposition","主要依赖V1 locked panel并沿用V1 outcome；不同章节仍可能使用不同common sample；未统一为GGCP10样本","将SM改写为state variable；加入Mundlak、conditioning sets、灌溉边界和两方程分解；FE可含grid/year或county/year并按对应单位聚类","载体文件名为complete_report_v6.Rmd而显示版本为v6.1；是报告线最后历史版；不代表当前G185真值","Latest report-line framework","mixed","local://output/reports/complete_report_v6.Rmd|repo://docs/analysis_specification.md","Not the current G185 truth entry"
data-v1,V1 external master panel,data,logical_data_version,,2026-03-22,2026-03-12,,,reference,historical_data_reference,three-source-confirmed,,,,Registered the 69038-row V1 grid-year family and its physical variants,登记外部69038行、143列V1 grid-year家族；当前文件观测时间为2026-01-29，但本仓库内可验证的分析使用证据始于2026-03-12；V1-family定义为yield_tons_ha=maize_prod/maize_area_km2*10,不涉及估计方法；数据生成过程在本仓库Git前且无法由commit复核；仅登记schema和来源,仅公开README和DATA_SOURCES元数据；CSV/DTA保持local且不上传；作为历史数据参考,Reference data base,mixed,repo://README.md|repo://docs/DATA_SOURCES_CN.md|local://external-data/master/data_v1_with_climate.csv,"2026-01-29 is the observed file timestamp, not a confirmed build date; first repository analysis evidence is 2026-03-12; V1 uses maize_prod/maize_area_km2*10, whereas GGCP10 changes the area denominator"
"data-v1-county-city","V1 county-city enriched panel","data","physical_data_snapshot","2026-03-22","","2026-03-22","","","historical","historical_data_component","three-source-confirmed","data-v1","","","Added county and city identifiers through coordinate-to-polygon matching","在V1基础上按经纬度匹配2019县市多边形；新增county_name/code和city_name/code；行数设计上保持V1 panel不变","使用县界within匹配并对未匹配点采用市域约束最近县回退；不涉及回归estimand、FE或bootstrap","产出为外部local CSV及匹配日志；Git仅保留构建脚本；作为locked panel上游组件","Input to the locked Phase 0 panel","mixed","repo://scripts/python/add_county_city_from_coords.py|local://external-data/master/data_v1_with_climate_with_county_city.csv","The CSV remains outside Git"
"data-v1-locked-panel","V1 locked Phase 0 panel","data","physical_data_snapshot","2026-03-22","","2026-03-22","","","historical","historical_analysis_input","three-source-confirmed","data-v1-county-city","","report-v5|report-v6.1","Locked the main estimation sample and generated county or city FE identifiers","由county-city V1构建analysis_main_sample.dta；冻结main_sample并新增county_id、county_year、city_id；本地文件存在","Stata预处理执行xtset grid_id year并以当时基准回归e(sample)定义主样本；set seed 42；不产生新的研究estimand","产出为local DTA和日志；供report-v5/v6及V2管线使用；不公开二进制数据","Input to late report-line and V2 build work","mixed","repo://scripts/stata/step0_sample_and_macros.do|local://data/processed/analysis_main_sample.dta","The local panel is ignored by Git"
"data-v2","V2 climate pipeline","data","logical_data_version","2026-03-29","2026-04-04","2026-03-29","","","historical","historical_data_family","three-source-confirmed","data-v1-locked-panel","","","Built multi-window and multi-source climate inputs; SPEI extraction was corrected on 2026-04-04","从V1 locked panel扩展多物候窗口、多气候源和SM变量；2026-04-04修正SPEI endpoint提取；逻辑版本包含两个不同schema快照","Python数据管线执行窗口计算、合并和质量检查；不涉及结果估计；修正改变D/W exposure输入而非回归器形式","载体为CHANGELOG和VARIABLES_v2.md；两个data_v2_main物理快照均已缺失；保留逻辑谱系","Historical data family","public","repo://data_build/docs/CHANGELOG.md|repo://data_build/docs/VARIABLES_v2.md","The two same-path data_v2_main snapshots are represented separately"
"data-v2-main-pre-spei-fix","V2 main pre-SPEI-fix snapshot","data","missing_physical_snapshot","2026-03-29","2026-04-02","2026-03-29","","","missing_snapshot","historical_missing_input","missing-snapshot","data-v2","","","Produced the 69038-row and 523-column V2 main panel used by analysis-v2","69038行、523列；使用修正前window SPEI提取；曾位于data_build/data/processed/data_v2_main.dta；当前缺失","数据构建方法为V2初始多窗口管线；无估计、FE、cluster或bootstrap；其D/W变量输入后来被纠正","无可发布数据载体；仅由v2_step0头部和CHANGELOG留痕；状态为missing-snapshot且不得用后版替代","Unavailable historical input snapshot","public","repo://scripts/stata/v2_step0_preamble.do|repo://data_build/docs/CHANGELOG.md","The former local data_build/data/processed/data_v2_main.dta is missing and cannot be substituted by a later file"
"data-v2-main-post-spei-fix","V2 main post-SPEI-fix snapshot","data","missing_physical_snapshot","2026-04-04","","2026-04-04","","","missing_snapshot","historical_missing_input","missing-snapshot","data-v2","data-v2-main-pre-spei-fix","","Corrected endpoint SPEI extraction and expanded the panel to 621 columns for the V3 systematic rerun","69038行、621列；相对pre-fix纠正SPEI endpoint并增加V3pre30等字段；沿用同一历史文件名；当前缺失","数据管线修正SPEI窗口提取并扩展字段；不涉及回归估计；成为analysis-v3上游输入","无现存物理快照；由v3_step0头部和CHANGELOG重建；状态为missing-snapshot","Unavailable corrected historical input snapshot","public","repo://scripts/stata/v3_step0_preamble.do|repo://data_build/docs/CHANGELOG.md","The same historical path named data_v2_main.dta referred to a structurally different file"
"data-v2-analysis-ready","V2 analysis-ready panel","data","physical_data_snapshot","2026-04-02","","2026-04-02","","","historical","historical_analysis_input","three-source-confirmed","data-v2-main-pre-spei-fix","","analysis-v2","Constructed drought and wetness windows, interactions, controls and a locked V2 analysis sample","从523列pre-fix快照生成本地v2_analysis_ready.dta；构造五窗口D/W、SR交互、SM交互和locked sample","Stata xtset grid_id year；基准FE样本由回归e(sample)锁定；后续模型使用grid/year FE与grid聚类；seed 42","载体为local DTA和V2结果表；可复核下游但无法完整重建缺失的上游快照；历史输入","Reproducible evidence for analysis-v2 conditional on the missing upstream snapshot","mixed","repo://scripts/stata/v2_step0_preamble.do|local://data/processed/v2_analysis_ready.dta","The physical output exists locally"
"analysis-v2","V2 systematic analysis","analysis","analysis_version","2026-04-02","","2026-04-02","2026-04-02","","superseded","historical_diagnostic","three-source-confirmed","","","data-v2-analysis-ready","Ran about 190 regressions and found unstable SR by D and mixed cross-source SM evidence","输入为pre-SPEI-fix的v2_analysis_ready；样本由V2 preamble定义；没有获得2026-04-04修正","约190个FE规格覆盖窗口、SM来源、stage和interaction grid；主要吸收grid/year并按grid聚类；seed 42","载体为2026-04-02本地结果summary及表格；结论为SR×D不稳定和跨源SM混合；被analysis-v3取代","Historical diagnostic","local","local://quality_reports/2026-04-02_v2_full_results_summary.md","Predates the SPEI correction"
"analysis-v3","V3 corrected systematic analysis","analysis","analysis_version","2026-04-04","","2026-04-04","2026-04-04","","historical","historical_foundation","three-source-confirmed","analysis-v2","analysis-v2","data-v2-main-post-spei-fix","Reran the systematic specifications after the SPEI correction and added period and bootstrap updates","使用621列post-SPEI-fix快照构建v3_analysis_ready；加入V3pre30并统一修正后的SPEI endpoint；基础N仍为69038","在analysis-v2规格族上重跑baseline、stage、SM comparison、mediation和robustness；grid/year FE、grid cluster、seed 42","产出为local V3 DTA、表格和handoff；明确与report-v3及data-v3-expanded分离；作为后续模块历史基础","Historical foundation","mixed","repo://scripts/stata/v3_step0_preamble.do|repo://quality_reports/handoffs/2026-04-15_v3_task_handoff.md|local://data/processed/v3_analysis_ready.dta","Distinct from report-v3 and data-v3-expanded"
data-v3-expanded,V3 expanded panel family,data,logical_data_version,2026-04-07,2026-04-23,2026-04-07,2026-04-23,,current_data_base,current_shared_data,three-source-confirmed,data-v2,,analysis-v3,Added capped GDD; retained and expanded multi-source soil-moisture-threshold hot-dry; separately added precipitation-threshold hot-dry; stabilized Stata aliases,在V2已有GLEAM root-zone SM阈值hot-dry基础上，保留并扩展GLEAM、SWSM、ERA5-Land多源多深度SM阈值hot-dry；另行新增以pr_lt1定义的precipitation hot-dry；同时增加capped GDD、dry/wet state和稳定Stata aliases；生成phenowindows/main/no-yield三视图,run_all.py串联窗口计算、合并、质量检查和导出；panel键为grid_id/year；不改变回归estimand；构建脚本采用确定性处理,公开V3 expanded说明和运行manifest，列出三个物理视图的SHA、行列数和schema；物理CSV/Parquet/DTA保持local；两类hot-dry分开呈现,Current shared climate and state data family,public,repo://docs/results/data-v3-expanded/report.md|repo://docs/results/data-v3-expanded/run-manifest.md|repo://data_build/docs/VARIABLES_v3.md|repo://quality_reports/plans/2026-04-07_data_build_v3_capped_gdd_plan.md|repo://data_build/scripts/python/run_all.py,Physical views remain local and untracked
"data-v3-phenowindows","V3 phenology-window full view","data","physical_data_snapshot","2026-04-23","","2026-04-23","","","reference","current_data_component","three-source-confirmed","data-v3-expanded","","","Preserved the full phenology-window table before export filtering","保存完整物候窗口宽表；相对父级逻辑版本是全字段物理序列化；local Parquet、CSV、DTA同源","由s08_merge_panel合并各窗口sidecar；按grid_id/year校验；不涉及估计方法","载体为local大文件及构建脚本；作为data-v3-main和no-yield导出的上游组件；非独立逻辑版本","Local source for the V3 main and no-yield exports","mixed","repo://data_build/scripts/python/s08_merge_panel.py|local://data_build/data/processed/data_v3_phenowindows.parquet","Not an independent logical data version"
data-v3-main,V3 expanded main view,data,physical_data_snapshot,2026-04-23,,2026-04-23,,,reference,current_data_component,three-source-confirmed,data-v3-expanded,,data-v3-phenowindows,Exported the analysis main view including yield fields,从phenowindows导出保留yield字段的主视图；V1-family结果变量明确为yield_tons_ha=maize_prod/maize_area_km2*10；用于V3模块,s10_export执行字段筛选、别名和序列化；不涉及estimand、FE、cluster或bootstrap,载体为local CSV/Parquet/DTA；Git仅记录构建脚本和字典；当前模块级数据组件,Primary V3 module input,mixed,repo://data_build/scripts/python/s10_export.py|local://data_build/data/processed/data_v3_main.parquet,V1-family yield_tons_ha uses maize_prod/maize_area_km2*10 and must not be conflated with the GGCP10 definition that changes the area denominator
"data-v3-no-yield","V3 expanded no-yield view","data","physical_data_snapshot","2026-04-23","","2026-04-23","","","reference","current_data_component","three-source-confirmed","data-v3-expanded","","data-v3-phenowindows|data-v3-main","Exported the yield-missing row partition while retaining the full schema","从phenowindows按yield_tons_ha缺失筛出53495行；保留全部1679列，yield字段仍存在但在该视图中全缺失；与main的69038行构成按yield是否缺失划分的行分区","s10_export分别以yield_tons_ha.notna()和isna()确定main与no-yield行分区并序列化；不删除字段且不运行产量模型","载体为local Parquet；不作为yield结果证据；仅登记为yield缺失行的数据共享组件","Yield-missing row partition for non-outcome data reuse","mixed","repo://data_build/scripts/python/s10_export.py|local://data_build/data/processed/data_v3_noyield.parquet","Not an estimation input for yield models; no-yield means yield-missing rows, not removed columns"
"analysis-v3-modules","V3 analysis module family","analysis","analysis_family","2026-04-07","2026-04-20","2026-04-07","","","historical","historical_module_family","three-source-confirmed","analysis-v3","","data-v3-expanded","Added precipitation hot-dry, multi-source SM outcomes, algebraic decomposition, sample boundaries and b-path audit","共同依赖analysis-v3-ready或data-v3-main；各模块另建analysis-ready DTA且main_sample定义不完全一致","容纳HotDryPr、六SM outcome、两方程分解、subsample、proxy和b-path审计；通常grid/year FE、grid cluster、seed 42","由handoff、计划、脚本和多份local报告组成；这是模块家族而非单一结果版","Container for completed historical modules","public","repo://quality_reports/handoffs/2026-04-15_v3_task_handoff.md|repo://scripts/stata/v3bpath_run_all.do","A module family rather than one replacement version"
"analysis-v3prhd","V3 precipitation hot-dry yield module","analysis","analysis_component","2026-04-07","","2026-04-07","2026-04-07","","historical","historical_module","three-source-confirmed","analysis-v3-modules","","data-v3-main","Defined HotDryPr as temperature at least 32 C with daily precipitation below 1 mm and estimated yield interactions across six windows","输入data-v3-main；构造六窗口D、H和HotDryPr；HotDryPr定义为Tmax≥32C且日降水<1mm；生成模块sample","以ln_yield为outcome估计SR×D、SR×H、D×H、SR×D×H及SR×HotDryPr；grid/year FE、grid cluster、seed 42","产出v3prhd表、图和beamer多轮排版；主报告入口由handoff指定；属于历史模块","Historical precipitation hot-dry module","mixed","repo://scripts/stata/v3prhd_step0_preamble.do|repo://quality_reports/plans/2026-04-07_v3prhd_fourcuts_report_plan.md|local://data/processed/v3prhd_analysis_ready.dta","Precipitation-defined HotDryPr is not the older low-soil-moisture hot-dry variable"
"analysis-v3prhdsm","V3 precipitation hot-dry soil-moisture module","analysis","analysis_component","2026-04-07","","2026-04-07","2026-04-07","","historical","historical_module","three-source-confirmed","analysis-v3-modules","","analysis-v3prhd|data-v3-main","Changed outcomes to six soil-moisture source and depth measures under matching interaction structures","复用data-v3-main及相同降水HotDryPr；outcome改为GLEAM、SWSM和ERA5-Land六个SM source-depth变量；单独定义main_sample","对六个SM outcome运行匹配的交互结构；grid/year FE、grid cluster、seed 42；用于跨源方向核对","产出六源SM表、图和spec234报告；结果呈现与yield模块分开；历史SM响应模块","Historical SM response module","mixed","repo://scripts/stata/v3prhdsm_step0_preamble.do|repo://quality_reports/plans/2026-04-07_v3prhdsm_report_plan.md|local://data/processed/v3prhdsm_analysis_ready.dta","The main_sample rule differs from other V3 modules"
"analysis-v3decomp","V3 FE decomposition module","analysis","analysis_component","2026-04-09","","2026-04-09","2026-04-09","","historical","historical_module","three-source-confirmed","analysis-v3-modules","","analysis-v3","Built common-sample two-equation direct and SM-associated algebraic components","输入v3_analysis_ready；以gleam_sms_mean为主mediator；创建严格common sample及SM×D、SM×H变量","两方程FE代数分解direct和SM-associated components；grid/year FE、grid cluster、seed 42；不是因果中介","产出profile constants、方程表、bootstrap表和beamer；后续统一采用代数组件措辞","Historical decomposition module","mixed","repo://scripts/stata/v3decomp_step0_profiles.do|repo://quality_reports/plans/2026-04-09_v3_decomposition_equation_plan.md|local://data/processed/v3decomp_analysis_ready.dta","Components are not identified causal mediation effects"
"analysis-v3sub","V3 sample-boundary module","analysis","analysis_component","2026-04-09","","2026-04-09","2026-04-09","","historical","historical_module","three-source-confirmed","analysis-v3-modules","","analysis-v3","Reran structures by irrigation group and maize region after removing W from selected specifications","输入v3_analysis_ready；新增NE/HHH/SW/NW/SH/Other maize_zone和irr_group；按边界形成子样本","按灌溉与玉米区重跑三结构和窗口模型；部分规格移除W；grid/year FE、grid cluster、seed 42","产出subsample表和综合beamer；用于边界诊断；不把子样本结果定义为新主样本","Historical sample-boundary module","mixed","repo://scripts/stata/v3sub_run_all.do|repo://quality_reports/plans/2026-04-09_v3sub_subsample_rerun_plan.md|local://data/processed/v3sub_analysis_ready.dta","Subsample-specific results do not redefine the global main_sample"
"analysis-v3med-model8","V3 moderated two-equation Model 8","analysis","analysis_component","2026-04-16","","2026-04-16","2026-04-16","","historical","historical_module","three-source-confirmed","analysis-v3-modules","","analysis-v3decomp","Estimated drought and heat mediator and yield equations across six SM measures and conditional SR levels","输入v3med common sample；覆盖六个SM source-depth mediator及drought/heat模块；样本与其他V3模块不同","Model 8包含mediator方程SM~hazard+SR+SR×hazard和yield方程lnY~hazard+SR+SR×hazard+SM；grid/year FE、grid cluster、seed 42","产出coefficients、conditional effects、bootstrap和heterogeneity表；历史中介叙事已改为非因果两方程组件","Historical Model 8 module","mixed","repo://scripts/stata/v3med_step2_drought_model8.do|repo://scripts/stata/v3med_step3_heat_model8.do|local://data/processed/v3med_analysis_ready.dta","The historical mediation wording is superseded by algebraic and associational language"
"analysis-v3proxy","V3 drought-proxy competition module","analysis","analysis_component","2026-04-16","","2026-04-16","2026-04-16","","historical","historical_module","three-source-confirmed","analysis-v3-modules","","analysis-v3med-model8","Compared drought proxies, HotDryPr inclusion, cut definitions, controls and six SM measures","输入v3proxy common sample；加入两类drought proxy、三种cut、HotDryPr开关及六SM来源","运行2 proxy×2 HDP×3 cuts×2 controls×6 SM的factorial FE比较并做competition checks；grid/year FE、grid cluster、seed 42","产出long-format系数表和审计报告；用于说明proxy选择敏感性；非主结果","Historical proxy audit","mixed","repo://scripts/stata/v3proxy_step1_modelsets.do|repo://quality_reports/plans/2026-04-16_v3proxy_analysis_report_plan.md|local://data/processed/v3proxy_analysis_ready.dta","A diagnostic module and not a new data version"
"analysis-v3bpath","V3 b-path audit module","analysis","analysis_component","2026-04-20","","2026-04-20","2026-04-20","","historical","historical_module","three-source-confirmed","analysis-v3-modules","","analysis-v3med-model8|analysis-v3proxy","Audited timing alignment, controls, wet-side terms, nonlinearity, proxy competition, source depth and heat consistency","输入v3bpath unified stage sample；对齐各窗口的六个SM变量并保留wet control、heat和D×SR","依次审计timing、control ladder、wet control、nonlinear、proxy competition、source depth和heat consistency；grid/year FE、grid cluster、seed 42","产出八类审计CSV和2026-04-20汇总；重点呈现不一致和限制；不支持因果b-path","Historical b-path audit","mixed","repo://scripts/stata/v3bpath_run_all.do|local://quality_reports/2026-04-20_v3bpath_audit_results.md|local://data/processed/v3bpath_analysis_ready.dta","The audit constrains claims rather than establishing a causal b-path"
"mechanism-v4smstate","V4 SM-state experiment","mechanism","mechanism_experiment","2026-04-21","","2026-04-21","2026-04-21","","exploratory","exploratory_mechanism","three-source-confirmed","analysis-v3-modules","","analysis-v3bpath","Compared raw SM with pooled-local and maize-zone dry or wet state variables","基于V3数据构建raw SM、pooled-local及maize-zone dry/wet state sidecar；六SM源和多个窗口使用common sample","比较raw-vs-state outcome方程及state mediator方程；grid/year FE、grid cluster、seed 42；相对V3 b-path改用状态阈值变量","产出state model CSV、分布图和audit计划；保持exploratory；不是report-v4","Exploratory state-variable family","public","repo://quality_reports/plans/2026-04-21_sm_state_audit_plan.md|repo://scripts/stata/v4smstate_run_all.do","Not report-v4 and not a strict successor node"
"mechanism-v5drymed","V5 drought-only dry-mediator experiment","mechanism","mechanism_experiment","2026-04-22","","2026-04-22","2026-04-22","","exploratory","exploratory_mechanism","three-source-confirmed","analysis-v3-modules","","mechanism-v4smstate","Tested drydays, dryshare and drydeficit families under baseline-local, pooled-state and maize-zone thresholds","合并v3_analysis_ready、v3sub、SM-state sidecar和data-v3-main；构造drydays、dryshare、drydeficit及多阈值sample tags","drought-only Model 8；mediator和yield两方程；baseline-local、pooled-state、maize-zone阈值；grid/year FE、grid cluster、seed 42","产出coefficients、conditional effects、bootstrap和heterogeneity摘要；探索范围后被收窄；不是report-v5","Exploratory drought-only family","mixed","repo://quality_reports/plans/2026-04-22_v5drymed_drought_only_plan.md|repo://scripts/stata/v5drymed_run_all.do|local://data/processed/v5drymed_analysis_ready.dta","Not report-v5 and not a strict successor to mechanism-v4smstate"
"mechanism-v6gleambl","V6 GLEAM baseline-local experiment","mechanism","mechanism_experiment","2026-04-23","","2026-04-23","2026-04-23","","historical","historical_mechanism_precursor","three-source-confirmed","analysis-v3-modules","","mechanism-v4smstate|mechanism-v5drymed","Added four-window GLEAM surface and root-zone dry or wet mediator families plus heat and hot-dry variants","在V3与state sidecar上使用GLEAM surface/root-zone、四窗口、dry/wet配对mediator；相对v5减少到GLEAM重点来源","四窗口Model 8并扩展heat/hot-dry control variants；grid/year FE、grid cluster、seed 42；baseline-local阈值为主体","产出local baseline、bootstrap、full-family表和图；成为GGCP10 baseline suite前身；不是report-v6.1","Historical precursor to the GGCP10 suite","public","repo://quality_reports/plans/2026-04-23_v6gleambl_fourwindow_plan.md|repo://quality_reports/plans/2026-04-23_v6gleambl_heat_hotdry_plan.md|repo://scripts/stata/v6gleambl_run_all.do","Not report-v6.1 and not a strict successor chain"
"area-ggcp10-harvarea","GGCP10 harvested-area branch family","area","area_family","2026-05-18","","2026-05-18","","","historical","historical_area_family","three-source-confirmed","data-v3-expanded","","mechanism-v6gleambl","Replaced area-related variables with GGCP10 harvested area while retaining original maize_frac","引入2016-2019 GGCP10 maize harvested-area rasters；保持原maize_frac供比较；形成point与aggregated两条物理分支","数据构建家族同时记录coordinate point sample和area-preserving aggregation；不涉及回归estimand","公开分支文档；具体数据产物保持local；作为area命名空间父节点","Container for point-sample and aggregated branches","public","repo://docs/GGCP10_HARVAREA_BRANCH.md","The two physical area constructions are separate components"
"area-ggcp10-point-sample","GGCP10 point-sampled area panel","area","area_component","2026-05-18","","2026-05-18","2026-05-18","","historical","historical_area_component","three-source-confirmed","area-ggcp10-harvarea","","data-v3-expanded","Sampled native GGCP10 harvested area at panel grid coordinates","把native GGCP10栅格在0.1度panel中心点取值并并入V3；相对父级选择point sampling；保留V1 outcome口径用于比较","Python按坐标读取栅格值并合并grid/year；无FE、cluster或bootstrap；该构造不保面积总量","产出local point-sample V3/V6 DTA和诊断；仅作历史对照；未选为当前面积基础","Historical point-sample comparison branch","mixed","repo://scripts/python/ggcp10_build_harvarea_branch.py|local://temp/2026-05-18_ggcp10_harvarea_v6gleambl/v3_analysis_ready_ggcp10_harvarea.dta","Not equivalent to area-preserving aggregation"
area-ggcp10-aggregated,GGCP10 aggregated 0.1-degree area panel,area,area_component,2026-05-18,,2026-05-18,2026-05-18,,current_data_base,current_ggcp10_area_data,three-source-confirmed,area-ggcp10-harvarea,,area-ggcp10-point-sample|data-v3-expanded,Area-preserving aggregation from the native raster grid to the 0.1-degree panel and recomputed area-weighted yield,将native 1/12度GGCP10 raster按面积守恒聚合到0.1度grid；结果变量明确重算为yield_tons_ha=maize_prod/ggcp10_maize_area_km2*10；分子仍为maize_prod，变化的是相对V1的面积分母,按经纬边界重叠权重执行area-preserving aggregation并合并grid/year；无回归推断；构建过程含面积守恒诊断,公开数据版本说明和运行manifest，登记aggregated sidecar、V3 base、环境缺口及结构校验；二进制数据不上传,Current GGCP10 area base,mixed,repo://docs/results/area-ggcp10-aggregated/report.md|repo://docs/results/area-ggcp10-aggregated/run-manifest.md|repo://docs/GGCP10_HARVAREA_BRANCH.md|repo://scripts/python/ggcp10_build_harvarea_agg_branch.py|local://temp/2026-05-18_ggcp10_harvarea_agg_baseline_suite/v3_analysis_ready_ggcp10_harvarea_agg.dta,GGCP10 yield_tons_ha uses maize_prod/ggcp10_maize_area_km2*10; V1 uses maize_prod/maize_area_km2*10
"analysis-ggcp10-baseline-suite","GGCP10 aggregated baseline suite","analysis","analysis_component","2026-05-18","","2026-05-18","2026-05-18","","historical","historical_ggcp10_baseline","three-source-confirmed","area-ggcp10-aggregated","","mechanism-v6gleambl","Ran paired mediator and yield equations for drought, heat and precipitation hot-dry using raw, dry-state and wet-state SM mediators","输入GGCP10 aggregated base和data-v3-main HotDryPr；使用raw SM、dry-state、wet-state mediator；按各模型形成sample tag","对drought、heat、precipitation hot-dry分别估计mediator和ln_yield方程；grid/year FE、grid cluster、seed 42；不等同于因果中介","产出local baseline coefficient suite和analysis-ready DTA；作为后续extension与scale search基础；无独立公开主结论","Input foundation for later GGCP10 scale work","mixed","repo://scripts/stata/ggcp10_baseline_suite_run_all.do|local://temp/2026-05-18_ggcp10_harvarea_agg_baseline_suite/ggcp10_baseline_suite_analysis_ready.dta","SM-defined and precipitation-defined hot-dry variables remain distinct"
"ggcp10-mediation-ext","GGCP10 two-equation extensions","analysis","analysis_family","2026-05-19","2026-06-02","2026-05-19","2026-05-19","","exploratory","exploratory_ggcp10_family","three-source-confirmed","analysis-ggcp10-baseline-suite","","analysis-v3-modules","Created SM mean, wet-state mirror and dry-state top-3 branches with baseline, bootstrap and heterogeneity outputs","基于aggregated baseline suite分成SM mean、wet mirror、dry top3；GLEAM-only；各分支有独立sample与表数","两方程baseline、bootstrap和region/irrigation heterogeneity；grid/year FE与grid cluster；原mean分支bootstrap 80 reps，seed 42","产出三分支CSV、21/12/21组图及handoff；属于exploratory family；不写成identified causal mediation","Completed exploratory family","mixed","repo://docs/GGCP10_MEDIATION_EXTENSIONS.md|repo://quality_reports/handoffs/2026-06-02_ggcp10_mediation_extensions_handoff.md|repo://scripts/stata/ggcp10_mean_ext_run_all.do","Two-equation components are not identified causal mediation"
"scale-search-region-first","Region-first scale search","scale","scale_search","2026-06-11","","2026-06-11","2026-06-11","","reference","scale_selection_context","three-source-confirmed","analysis-ggcp10-baseline-suite","","ggcp10-mediation-ext","Scanned 256 Gxxx rules and cluster-revalidated 208 high-score candidates under a region-first ranking","以GGCP10 aggregated panel和V3变量构造256个布尔scale；统一最低ggcp10_maize_frac≥0.05；208个高分候选进入cluster复核","先OLS扫描region-specific scaled buffer再以grid-cluster FE复核；region-first评分结合NE drought、HHH heat/hot-dry和辅助分数；seed按脚本固定","产出ranking CSV、story cards、公开Markdown和本地详细报告；用于透明selection context而非预注册","Exploratory selection context","mixed","repo://docs/results/scale-search-region-first/report.md|local://quality_reports/2026-06-11_region_first_story_search.md|repo://scripts/python/region_first_story_search.py","Scale selection is transparent exploratory analysis and not preregistration"
"scale-g057","G057 scale","scale","sample_rule","2026-06-11","","2026-06-11","2026-06-11","","reference","scale_reference","three-source-confirmed","scale-search-region-first","","","Ranked first in the exploratory region-first search with a region-specific hazard pattern","从候选规则生成G057 mask；相对其他scale使用其独立规则向量和样本；不能共享估计结果","沿用region-first FE和scaled-buffer评估；grid/year FE、grid cluster；pooled Wald用于区域差异核对","作为探索排名第一的参考scale呈现；公开报告保留方向和显著性限制；不称唯一最优","Selection reference","mixed","repo://docs/results/scale-search-region-first/report.md|local://quality_reports/2026-06-11_region_first_story_search.md|repo://scripts/stata/verify_story_g057_g185.do","NW evidence remains directional and G057 is not uniquely optimal"
scale-g185,G185 scale,scale,sample_rule,2026-06-11,,2026-06-11,2026-06-11,,current,current_analysis_scale,three-source-confirmed,scale-search-region-first,,,"Retained main_sample, yield-domain, yield-jump and SM-SD rules while omitting the other optional rules",规则固定为ggcp10_maize_frac≥0.05且main_sample、yield_domain、yield_jump、sm_sd为1，其余可选规则为0；N=46299、grids=13236,样本选择由region-first search透明产生；后续方法必须在同一G185 mask上运行；规则或计数变化即创建新scale ID,公开scale-search报告、G185运行manifest和Stata复核；固定规则向量、46299行与13236 grids；严禁混入G057/G049数值,Current G185 analysis sample,public,repo://docs/results/scale-g185/run-manifest.md|repo://docs/results/scale-search-region-first/report.md|repo://scripts/stata/verify_story_g057_g185.do|repo://quality_reports/handoffs/2026-06-21_g185_method_upgrade_report_handoff.md,Frozen rule yields 46299 rows and 13236 grids; any rule or count change requires a new scale ID
"scale-g049","G049 scale","scale","sample_rule","2026-06-11","","2026-06-11","2026-06-11","","reference","scale_reference","three-source-confirmed","scale-search-region-first","","","Registered the near-twin of G057 with one fewer SM quality rule","以G049独立规则mask形成近似G057的样本；相对G057少一项SM质量规则；样本不等同G185","使用同一region-first评估和grid-cluster FE复核框架；单独脚本测试区域故事","仅作为near-twin敏感性参考；结果不进入G185 claim；公开报告标注selection context","Selection reference","mixed","repo://docs/results/scale-search-region-first/report.md|local://quality_reports/2026-06-11_region_first_story_search.md|repo://scripts/python/g049_region_story_test.py","Do not mix its estimates into G185 claims"
"scale-b067-g195","B067 and G195 legacy scales","scale","sample_rule_alias_group","","2026-06-11","2026-06-04","","","reference","legacy_scale_reference","two-source-supported","scale-search-region-first","","","Registered the historical national B067 rule and its G195 mapping in the expanded scale enumeration","登记旧B067样本及其在256规则枚举中的G195映射；原始形成日期未知；不推定与G185相同样本","历史national/phenology规则映射；方法细节仅由现存scale search材料部分恢复；不作为当前estimand","以legacy mapping形式出现在scale报告；不发布为当前结果；lineage confidence为mixed","Legacy comparison reference","mixed","repo://docs/results/scale-search-region-first/report.md|local://quality_reports/2026-06-11_region_first_story_search.md","Original formation date remains unknown"
"g185-draft-bootstrap-v1","G185 draft bootstrap v1","g185","analysis_release","2026-06-20","","2026-06-20","2026-06-20","2026-06-24","superseded","historical_g185_construction","three-source-confirmed","scale-g185","","","Built G185-only two-equation, region, continuous irrigation and phenology results with wild-score bootstrap intervals","输入GGCP10 aggregated base、data-v3变量和冻结G185 mask；N=46299、grids=13236；五命名区模型排除Other","grid/year FE两方程IE/DE/TE、region FE、continuous irrigation triple及phenology compound模型；grid wild-score linearized bootstrap 999 reps；seed 42","产出本地manuscript、描述统计、表和四图；早期将部分DE数值写成TE；解释已由2026-06-24修正版取代","Historical construction logic","mixed","repo://quality_reports/plans/2026-06-20_g185_draft_bootstrap_plan.md|repo://scripts/python/build_g185_draft_bootstrap_v1.py|local://quality_reports/agent_runs/2026-06-20_g185_draft_bootstrap_v1","Regional DE values were later mislabelled as TE and are superseded"
"g185-method-upgrade","G185 method-upgrade report","g185","analysis_release","2026-06-20","2026-07-10","2026-06-20","2026-06-20","2026-07-10","current_parallel","current_fixed_effects_and_ml_appendix","three-source-confirmed","g185-draft-bootstrap-v1","","scale-g185","Made fixed-effect damage-avoidance margins the main evidence and retained econml, DoubleML and R grf as appendix heterogeneity concordance checks","继续使用完全相同的G185输入和sample；不引入G057/G049数据；FE主表直接读取draft-bootstrap输出","固定效应damage-avoidance margins作为主estimand；econml、DoubleML和R grf仅作异质性concordance；FE bootstrap 999 reps、seed 42，ML参数由requirements和run config锁定","新增自包含HTML、Markdown、ML附录图表和公开摘要；叙事改为conditional association；作为当前并行方法入口","Current parallel method entry","public","repo://docs/results/g185-method-upgrade/report.md|repo://quality_reports/handoffs/2026-06-21_g185_method_upgrade_report_handoff.md|repo://scripts/python/build_g185_method_upgrade_report.py","The fixed-effect main tables are read from the draft-bootstrap run; ML does not validate an adoption impact"
"g185-response-surface-v3","G185 response-surface v3","g185","analysis_release","2026-06-21","","2026-06-21","2026-06-21","","reviewed_sensitivity","reviewed_alternative_method","three-source-confirmed","scale-g185","","g185-method-upgrade","Added restricted-cubic low-degree drought-heat surfaces, spatial-block inference and explicit claim adjudication","使用同一G185 mask但为surface模型重新构造complete-case与区域样本；N规则不变；不替代旧方法输入","四结点restricted cubic drought-heat surface、region-specific SR×surface；grid FE加province-year FE；2度spatial-block Rademacher wild-score final 1999 reps；seed 20260620","产出review bundle、claim adjudication、surface图和公开Markdown；明确NE drought/SM consistency不支持及其他敏感项；仅作reviewed sensitivity","Reviewed alternative-method sensitivity","mixed","repo://docs/results/g185-response-surface-v3/report.md|local://quality_reports/agent_runs/2026-06-20_g185_response_surface_v3/00_README_FOR_REVIEW.md|local://quality_reports/agent_runs/2026-06-20_g185_response_surface_v3/17_review_summary.md|repo://scripts/python/run_all_g185_v3.py","Different estimand from the old-method decomposition; it cannot be described as validation of that result"
"g185-old-method-corrected","G185 corrected old-method IE-DE-TE","g185","analysis_release","2026-06-24","2026-07-10","2026-06-24","2026-06-24","2026-07-10","current","current_old_method_te","three-source-confirmed","scale-g185","g185-draft-bootstrap-v1","g185-method-upgrade","Recomputed regional IE, DE and TE and corrected the earlier DE-as-TE interpretation","使用同一G185 mask、root-zone GLEAM mediator和raw hazard变量；区域内P25/P75 SR及P90 hazard重新计算；不改变数据版本","旧线性grid/year FE两方程；IE=(a1+a3s)b、DE=c1+c3s、TE=IE+DE；grid wild-score linearized bootstrap 999 reps；seed 42","重新绘制region IE/DE/TE表和图；纠正1.50%、3.27%、2.56%为DE而非TE；当前旧方法真值由公开Markdown呈现","Current truth for old-method regional TE","public","repo://docs/results/g185-old-method-corrected/report.md|repo://quality_reports/handoffs/2026-06-21_g185_method_upgrade_report_handoff.md|repo://scripts/python/export_g185_old_method_region_tiede_redraw.py","IE、DE和TE是两方程代数组件，不是已识别因果中介；现有research-g185-old-method-corrected-2026.07.13 tag与同名Release对应包含多个公开结果族的Git复合基线，不是本运行的同期历史快照"
"g185-region-irrigation-boundary","G185 regional irrigation boundary","g185","analysis_release","2026-06-24","","2026-06-24","2026-06-24","","current_parallel","current_irrigation_boundary","three-source-confirmed","scale-g185","","g185-method-upgrade","Estimated region-specific continuous irrigation triple interactions and support-aware margins","使用同一G185 mask并在五区域内计算连续irr_frac支持、SR IQR和hazard P90；与IE/DE/TE共用数据但不共用estimand","region-specific hazard×SR×irrigation triple interaction；grid/year FE；grid wild-score linearized bootstrap 999 reps；seed 42；报告P5-P95支持与P25/P50/P75 margins","产出区域灌溉边界图、tables、assertions和公开Markdown；NE drought支持，HHH heat/hot-dry区间跨零；作为当前独立并行结果","Current separate boundary result","mixed","repo://docs/results/g185-region-irrigation-boundary/report.md|local://quality_reports/agent_runs/2026-06-24_g185_region_specific_irrigation_boundary/README_FOR_REGION_IRRIGATION.md|repo://scripts/python/export_g185_region_specific_irrigation_boundary.py","Separate estimand from IE-DE-TE; HHH heat and hot-dry intervals cross zero while NE drought is supported"
"regional-threshold-sr-v1","Regional heterogeneous temperature threshold SR direction v1","analysis","reviewed_failure_record","2026-07-14","2026-07-15","2026-07-14","2026-07-14","2026-07-15","reference","reviewed_failure_stop_data_support","git-native","data-v3-main","","data-v3-phenowindows","Audited the official continuous maize heat-damage threshold before any yield model and stopped at the frozen five-zone coverage gate","使用69,038行V3 Stata面板与官方0.5度maize.tif；五区pre-EDD complete-case为66,396行、21,337 grids；西南有效阈值覆盖12,637/18,094=69.8408%","仅执行原始PixelIsArea单元中心映射和确定性覆盖审计；未执行EDD、固定效应、bootstrap、物候窗口或产量模型","发布Stage 1失败报告、机器manifest和独立Round 3审查；报告完整五区覆盖及不得用插值解除STOP的边界","Reviewed failure evidence only; not a submission candidate","mixed","repo://docs/results/regional-threshold-sr-v1/report.md|repo://quality_reports/plans/2026-07-14_threshold_review_round3_pass.md|local://temp/2026-07-14_regional_threshold_stage1_audit_v5/run_manifest.json","PASS_PUBLIC_STOP_REPORT 97/100; STOP_DATA_SUPPORT_GATE; no SR buffering coefficient exists"
"g185-old-method-unified-v1","G185 old-method unified direction v1","g185","reviewed_failure_record","2026-07-14","2026-07-15","2026-07-14","2026-07-15","2026-07-15","reference","reviewed_failure_stop_stability","git-native","g185-old-method-corrected","","scale-g185|g185-method-upgrade","Unified the historical linear two-equation evidence and added province-by-year fixed effects, spatial-block inference and explicit stability adjudication","沿用冻结G185虚拟样本46,299行、13,236 grids；五命名区44,556行、12,745 grids；输入哈希与双样本键哈希均登记","复现IE=(a1+a3s)b、DE=c1+c3s、TE=IE+DE，并新增grid FE+province-year FE、2度Rademacher/Webb 1,999次、Romano-Wolf、Holm及100/200/300 km HAC","发布包含全部15组区域结果的完整失败报告；东北干旱同向draw 84.1921%低于90%门槛，因此不生成投稿图或候选小稿","Reviewed failure evidence only; not a submission candidate","mixed","repo://docs/results/g185-old-method-unified-v1/report.md|repo://quality_reports/plans/2026-07-15_g185_full_stop_v2_package_review_round2.md|local://temp/2026-07-15_g185_old_method_unified_full_stop_v2/full_manifest.json","PASS_FAILURE_PACKAGE does not lift FULL_STOP; the historical corrected result remains a context version rather than a successful descendant claim"
"compound-event-intensity-duration-v1","Compound-event intensity-duration SR direction v1","analysis","reviewed_failure_record","2026-07-15","2026-07-15","2026-07-15","2026-07-15","2026-07-15","reference","reviewed_failure_stop_smoke_review","git-native","data-v3-main","","data-v3-phenowindows|analysis-v3prhd","Designed the hot-dry event intensity-duration and soil-moisture timing interface, then stopped after the second small-smoke review retained a reproducibility Major","small smoke使用V3面板及2016-2019对齐Tmax、降水、GLEAM SMrz；仅40个grid-years和75条事件接口记录；全量五区支持审计未完成","事件定义固定为窗口内Tmax>=32C且降水<1 mm连续至少3天；仅测试事件、antecedent SM、drawdown和recovery接口；未估计FE、IPCW/RMST或产量模型","发布两轮small-smoke审查失败报告；Round 2因第三个runner测试文件未锁定输入身份而STOP_AT_SMOKE_REVIEW","Reviewed failure evidence only; not a submission candidate","mixed","repo://docs/results/compound-event-intensity-duration-v1/report.md|repo://quality_reports/plans/2026-07-15_hotdry_event_smoke_review_round2_stop.md|local://temp/2026-07-15_compound_event_interface_smoke_v2/run_manifest.json","Design review passed 92/100, but smoke review stopped at 89/100 after the frozen two-round limit; no support counts or empirical coefficients may be claimed"
"g185-old-method-unified-override-v1","G185 old-method unified override v1","g185","analysis_release","2026-07-15","2026-07-18","2026-07-15","2026-07-15","2026-07-18","reference","historical_internal_candidate_under_external_method_revision","git-native","g185-old-method-unified-v1","","scale-g185|g185-old-method-corrected|g185-method-upgrade","Continued the previously stopped G185 branch under the user-authorized nonblocking stability gate and assembled the historical national, continuous regional and five-zone algebraic evidence into one reviewed candidate","沿用冻结G185规则的46,299行、13,236 grids及五命名区44,556行、12,745 grids；未改变G185规则、输入哈希或结果变量口径","复现IE=(a1+a3s)b、DE=c1+c3s、TE=IE+DE；报告grid/year与grid/province-year FE、2度空间块Rademacher/Webb 1,999次、Romano-Wolf/Holm及100/200/300 km HAC","保留2026-07-15内部候选小稿和自包含HTML；2026-07-18增加外部方法审阅提示、低高SR端点分类和强固定效应解释边界；未重新估计模型","Historical internal candidate record with unresolved external method Major; not a current submission candidate","mixed","repo://docs/results/g185-old-method-unified-override-v1/report.html|repo://docs/results/g185-old-method-unified-override-v1/report.md|repo://quality_reports/plans/2026-07-15_g185_override_method_review_round2.md|repo://quality_reports/plans/2026-07-15_g185_override_selfcontained_html_final_review.md|local://temp/2026-07-15_g185_old_method_unified_override_v1/override_manifest.json","内部92分记录不再代表当前投稿就绪度；全国结果必须同时报告P25和P75端点，IE、DE和TE仅为两方程代数组件"
"regional-threshold-sr-override-v1","Regional heterogeneous temperature threshold SR override v1","analysis","reviewed_failure_record","2026-07-15","2026-07-15","2026-07-15","2026-07-15","2026-07-15","reference","reviewed_failure_not_candidate_external_threshold","git-native","regional-threshold-sr-v1","","data-v3-main|data-v3-phenowindows","Continued past the historical coverage gate without imputing thresholds, executed the frozen external-threshold daily exposure model and retained the independent Round 2 failure decision","使用V3主面板、官方连续maize.tif、2016-2019对齐Tmax与SMrz及实际物候NetCDF；阈值有效58,464行，最终模型54,890行、17,450 grids；未插值、外推或回填固定阈值","构造外生连续阈值EDD并估计五区完全交互、共同CA P25/P75、全季及V3-HE和HE-MA窗口；grid与province-year FE；2度空间块wild bootstrap 1,999次及空间HAC复核","发布完整失败报告及全部五区、SM和物候边界；Round 2为72/100、0 Critical、3 Major、4 Minor；公共失败报告最终核验PASS只确认披露准确","Reviewed failure evidence only; not a submission candidate","mixed","repo://docs/results/regional-threshold-sr-override-v1/report.md|repo://quality_reports/plans/2026-07-15_regional_threshold_override_method_review_round2.md|repo://quality_reports/plans/2026-07-15_regional_threshold_override_failure_public_final_review.md|local://temp/2026-07-15_regional_threshold_daily_override_full_v2/run_manifest.json","FAIL/REVIEWED_NOT_CANDIDATE；公共报告PASS不改变失败状态，不授权Round 3或更有利的阈值、窗口、样本与函数形式搜索"
"compound-event-intensity-duration-override-v1","Compound-event intensity-duration SR override v1","analysis","analysis_release","2026-07-15","2026-07-18","2026-07-15","2026-07-15","2026-07-18","reference","historical_internal_candidate_under_event_structure_revision","git-native","compound-event-intensity-duration-v1","","data-v3-main|data-v3-phenowindows|analysis-v3prhd","Continued the stopped smoke branch to full five-zone event, yield and soil-moisture analyses and made the triggered joint duration-intensity model the reviewed main specification","使用V3五区61,918个grid-years、19,749个grids以及147,648行完整事件panel；同时保留扩展窗口、严格V3-MA窗口、重叠事件支持和恢复样本","联合估计duration与mean intensity并保留分别模型；grid与province-year FE；2度同步Rademacher/Webb 1,999次、Romano-Wolf/Holm、100/200/300 km HAC、R/Stata复算，以及antecedent/drawdown和固定IPCW/RMST","保留2026-07-15内部候选小稿和自包含三图；2026-07-18增加主设计缺少事件指示变量的结构审计，明确现有结果是含无事件0值的季节聚合暴露关系；未重新估计模型","Historical internal candidate record with unresolved event-model Critical; not a current submission candidate","mixed","repo://docs/results/compound-event-intensity-duration-override-v1/report.md|repo://docs/results/compound-event-intensity-duration-override-v1/figures.html|repo://quality_reports/plans/2026-07-15_hotdry_event_override_method_review_round2.md|local://temp/2026-07-15_compound_event_override_report_v3/report_run_manifest.json","内部91分记录不再代表当前投稿就绪度；修正后的事件发生与严重程度两部分模型必须使用新canonical ID"
"report-sr-method-portfolio-web-reader-v1","SR method portfolio GPT web reader v1","report","public_report_umbrella","2026-07-17","2026-07-18","2026-07-17","","2026-07-18","umbrella","public_web_reader_portfolio_index","git-native","","","g185-old-method-unified-override-v1|regional-threshold-sr-override-v1|compound-event-intensity-duration-override-v1","Published a GitHub-native reading entry for the three empirical directions, the 37-paper method inventory and the later external-review corrections","未改变数据、样本、变量口径或任何本地机器资产；仅发布脱敏Markdown摘要","未改变estimand、模型、固定效应、推断或数值；仅汇总既有结果和后续方法审阅边界","新增GitHub网页端阅读顺序、G185端点表、事件模型结构审计、37篇文献公开索引和可直接提交网页端的任务说明","Public web-reader and review entry; it does not produce a new empirical estimate","public","repo://docs/results/report-sr-method-portfolio-web-reader-v1/report.md","This umbrella does not restore the threshold direction as a candidate and does not convert internal candidate scores into current submission readiness"
